[debug] [2026-04-16T23:34:26.834Z] ----------------------------------------------------------------------
[debug] [2026-04-16T23:34:26.843Z] Command:       /usr/local/bin/node /usr/local/bin/firebase deploy --only functions:postSocialQueueToBuffer --project zamra-web-01 --non-interactive
[debug] [2026-04-16T23:34:26.844Z] CLI Version:   15.15.0
[debug] [2026-04-16T23:34:26.844Z] Platform:      darwin
[debug] [2026-04-16T23:34:26.844Z] Node Version:  v24.13.0
[debug] [2026-04-16T23:34:26.844Z] Time:          Fri Apr 17 2026 06:34:26 GMT+0700 (Indochina Time)
[debug] [2026-04-16T23:34:26.844Z] ----------------------------------------------------------------------
[debug] 
[debug] [2026-04-16T23:34:27.835Z] > command requires scopes: ["email","openid","https://www.googleapis.com/auth/cloudplatformprojects.readonly","https://www.googleapis.com/auth/firebase","https://www.googleapis.com/auth/cloud-platform"]
[debug] [2026-04-16T23:34:27.835Z] > authorizing via signed-in user (jobslive49@gmail.com)
[debug] [2026-04-16T23:34:27.835Z] [iam] checking project zamra-web-01 for permissions ["cloudfunctions.functions.create","cloudfunctions.functions.delete","cloudfunctions.functions.get","cloudfunctions.functions.list","cloudfunctions.functions.update","cloudfunctions.operations.get","firebase.projects.get"]
[debug] [2026-04-16T23:34:27.836Z] Checked if tokens are valid: true, expires at: 1776385618951
[debug] [2026-04-16T23:34:27.836Z] Checked if tokens are valid: true, expires at: 1776385618951
[debug] [2026-04-16T23:34:27.836Z] >>> [apiv2][query] POST https://cloudresourcemanager.googleapis.com/v1/projects/zamra-web-01:testIamPermissions [none]
[debug] [2026-04-16T23:34:27.836Z] >>> [apiv2][(partial)header] POST https://cloudresourcemanager.googleapis.com/v1/projects/zamra-web-01:testIamPermissions  x-goog-user-project=zamra-web-01
[debug] [2026-04-16T23:34:27.836Z] >>> [apiv2][body] POST https://cloudresourcemanager.googleapis.com/v1/projects/zamra-web-01:testIamPermissions {"permissions":["cloudfunctions.functions.create","cloudfunctions.functions.delete","cloudfunctions.functions.get","cloudfunctions.functions.list","cloudfunctions.functions.update","cloudfunctions.operations.get","firebase.projects.get"]}
[debug] [2026-04-16T23:34:29.159Z] <<< [apiv2][status] POST https://cloudresourcemanager.googleapis.com/v1/projects/zamra-web-01:testIamPermissions 200
[debug] [2026-04-16T23:34:29.160Z] <<< [apiv2][body] POST https://cloudresourcemanager.googleapis.com/v1/projects/zamra-web-01:testIamPermissions {"permissions":["cloudfunctions.functions.create","cloudfunctions.functions.delete","cloudfunctions.functions.get","cloudfunctions.functions.list","cloudfunctions.functions.update","cloudfunctions.operations.get","firebase.projects.get"]}
[debug] [2026-04-16T23:34:29.161Z] Checked if tokens are valid: true, expires at: 1776385618951
[debug] [2026-04-16T23:34:29.161Z] Checked if tokens are valid: true, expires at: 1776385618951
[debug] [2026-04-16T23:34:29.161Z] >>> [apiv2][query] POST https://iam.googleapis.com/v1/projects/zamra-web-01/serviceAccounts/zamra-web-01@appspot.gserviceaccount.com:testIamPermissions [none]
[debug] [2026-04-16T23:34:29.161Z] >>> [apiv2][body] POST https://iam.googleapis.com/v1/projects/zamra-web-01/serviceAccounts/zamra-web-01@appspot.gserviceaccount.com:testIamPermissions {"permissions":["iam.serviceAccounts.actAs"]}
[debug] [2026-04-16T23:34:30.719Z] <<< [apiv2][status] POST https://iam.googleapis.com/v1/projects/zamra-web-01/serviceAccounts/zamra-web-01@appspot.gserviceaccount.com:testIamPermissions 200
[debug] [2026-04-16T23:34:30.719Z] <<< [apiv2][body] POST https://iam.googleapis.com/v1/projects/zamra-web-01/serviceAccounts/zamra-web-01@appspot.gserviceaccount.com:testIamPermissions {"permissions":["iam.serviceAccounts.actAs"]}
[info] 
[info] === Deploying to 'zamra-web-01'...
[info] 
[info] i  deploying functions 
[debug] [2026-04-16T23:34:30.723Z] Checked if tokens are valid: true, expires at: 1776385618951
[debug] [2026-04-16T23:34:30.723Z] Checked if tokens are valid: true, expires at: 1776385618951
[debug] [2026-04-16T23:34:30.724Z] >>> [apiv2][query] GET https://cloudresourcemanager.googleapis.com/v1/projects/zamra-web-01 [none]
[debug] [2026-04-16T23:34:31.061Z] <<< [apiv2][status] GET https://cloudresourcemanager.googleapis.com/v1/projects/zamra-web-01 200
[debug] [2026-04-16T23:34:31.062Z] <<< [apiv2][body] GET https://cloudresourcemanager.googleapis.com/v1/projects/zamra-web-01 {"projectNumber":"871356823310","projectId":"zamra-web-01","lifecycleState":"ACTIVE","name":"Zamra-Web","labels":{"firebase":"enabled","firebase-core":"disabled"},"createTime":"2026-03-13T15:59:34.319366Z"}
[info] i  functions: preparing codebase default for deployment 
[info] i  functions: ensuring required API cloudfunctions.googleapis.com is enabled... 
[info] i  functions: ensuring required API cloudbuild.googleapis.com is enabled... 
[info] i  artifactregistry: ensuring required API artifactregistry.googleapis.com is enabled... 
[debug] [2026-04-16T23:34:31.065Z] Checked if tokens are valid: true, expires at: 1776385618951
[debug] [2026-04-16T23:34:31.065Z] Checked if tokens are valid: true, expires at: 1776385618951
[debug] [2026-04-16T23:34:31.065Z] >>> [apiv2][query] GET https://firebase.googleapis.com/v1beta1/projects/zamra-web-01/adminSdkConfig [none]
[debug] [2026-04-16T23:34:32.053Z] <<< [apiv2][status] GET https://firebase.googleapis.com/v1beta1/projects/zamra-web-01/adminSdkConfig 200
[debug] [2026-04-16T23:34:32.053Z] <<< [apiv2][body] GET https://firebase.googleapis.com/v1beta1/projects/zamra-web-01/adminSdkConfig {"projectId":"zamra-web-01","storageBucket":"zamra-web-01.firebasestorage.app"}
[debug] [2026-04-16T23:34:32.054Z] Checked if tokens are valid: true, expires at: 1776385618951
[debug] [2026-04-16T23:34:32.054Z] Checked if tokens are valid: true, expires at: 1776385618951
[debug] [2026-04-16T23:34:32.054Z] >>> [apiv2][query] GET https://runtimeconfig.googleapis.com/v1beta1/projects/zamra-web-01/configs [none]
[debug] [2026-04-16T23:34:33.529Z] <<< [apiv2][status] GET https://runtimeconfig.googleapis.com/v1beta1/projects/zamra-web-01/configs 200
[debug] [2026-04-16T23:34:33.529Z] <<< [apiv2][body] GET https://runtimeconfig.googleapis.com/v1beta1/projects/zamra-web-01/configs {}
[debug] [2026-04-16T23:34:33.533Z] Validating nodejs source
[warn] ⚠  functions: package.json indicates an outdated version of firebase-functions. Please upgrade using npm install --save firebase-functions@latest in your functions directory. 
[warn] ⚠  functions: Please note that there will be breaking changes when you upgrade. 
[debug] [2026-04-16T23:34:34.390Z] > [functions] package.json contents: {
  "name": "zamra-functions",
  "description": "Firebase Cloud Functions for Zamra Travels admin dashboard",
  "scripts": {
    "lint": "eslint .",
    "serve": "firebase emulators:start --only functions",
    "shell": "firebase functions:shell",
    "start": "npm run shell",
    "deploy": "firebase deploy --only functions",
    "logs": "firebase functions:log"
  },
  "engines": {
    "node": "22"
  },
  "main": "index.js",
  "dependencies": {
    "firebase-admin": "^12.0.0",
    "firebase-functions": "^4.9.0"
  },
  "devDependencies": {
    "eslint": "^8.15.0",
    "eslint-config-google": "^0.14.0"
  },
  "private": true
}
[debug] [2026-04-16T23:34:34.391Z] Building nodejs source
[info] i  functions: Loading and analyzing source code for codebase default to determine what to deploy 
[info] i  functions: You are using a version of firebase-functions SDK (4.9.0) that does not have support for the newest Firebase Extensions features. Please update firebase-functions SDK to >=5.1.0 to use them correctly 
[debug] [2026-04-16T23:34:34.391Z] Could not find functions.yaml. Must use http discovery
[debug] [2026-04-16T23:34:34.397Z] Found firebase-functions binary at '/Users/hafisfox/Desktop/Zamra/zamra_web/zamra/functions/node_modules/.bin/firebase-functions'
[info] Serving at port 8938

[debug] [2026-04-16T23:34:34.764Z] Got response from /__/functions.yaml {"endpoints":{"bulkDeleteFares":{"availableMemoryMb":null,"timeoutSeconds":null,"minInstances":null,"maxInstances":null,"ingressSettings":null,"concurrency":null,"serviceAccountEmail":null,"vpc":null,"platform":"gcfv2","region":["asia-south1"],"labels":{},"callableTrigger":{},"entryPoint":"bulkDeleteFares"},"bulkToggleAgentVisibility":{"availableMemoryMb":null,"timeoutSeconds":null,"minInstances":null,"maxInstances":null,"ingressSettings":null,"concurrency":null,"serviceAccountEmail":null,"vpc":null,"platform":"gcfv2","region":["asia-south1"],"labels":{},"callableTrigger":{},"entryPoint":"bulkToggleAgentVisibility"},"bulkToggleSectorVisibility":{"availableMemoryMb":null,"timeoutSeconds":null,"minInstances":null,"maxInstances":null,"ingressSettings":null,"concurrency":null,"serviceAccountEmail":null,"vpc":null,"platform":"gcfv2","region":["asia-south1"],"labels":{},"callableTrigger":{},"entryPoint":"bulkToggleSectorVisibility"},"bulkSyncAgentCommission":{"availableMemoryMb":null,"timeoutSeconds":null,"minInstances":null,"maxInstances":null,"ingressSettings":null,"concurrency":null,"serviceAccountEmail":null,"vpc":null,"platform":"gcfv2","region":["asia-south1"],"labels":{},"callableTrigger":{},"entryPoint":"bulkSyncAgentCommission"},"generateAgentReport":{"availableMemoryMb":null,"timeoutSeconds":null,"minInstances":null,"maxInstances":null,"ingressSettings":null,"concurrency":null,"serviceAccountEmail":null,"vpc":null,"platform":"gcfv2","region":["asia-south1"],"labels":{},"callableTrigger":{},"entryPoint":"generateAgentReport"},"ingestFaresFromN8n":{"availableMemoryMb":null,"timeoutSeconds":null,"minInstances":null,"maxInstances":null,"ingressSettings":null,"concurrency":null,"serviceAccountEmail":null,"vpc":null,"platform":"gcfv2","region":["asia-south1"],"labels":{},"httpsTrigger":{},"entryPoint":"ingestFaresFromN8n"},"getSocialQueue":{"availableMemoryMb":null,"timeoutSeconds":null,"minInstances":null,"maxInstances":null,"ingressSettings":null,"concurrency":null,"serviceAccountEmail":null,"vpc":null,"platform":"gcfv2","region":["asia-south1"],"labels":{},"httpsTrigger":{},"entryPoint":"getSocialQueue"},"markSocialPosted":{"availableMemoryMb":null,"timeoutSeconds":null,"minInstances":null,"maxInstances":null,"ingressSettings":null,"concurrency":null,"serviceAccountEmail":null,"vpc":null,"platform":"gcfv2","region":["asia-south1"],"labels":{},"httpsTrigger":{},"entryPoint":"markSocialPosted"},"purgeOldFaresDaily":{"availableMemoryMb":null,"timeoutSeconds":null,"minInstances":null,"maxInstances":null,"ingressSettings":null,"concurrency":null,"serviceAccountEmail":null,"vpc":null,"platform":"gcfv2","region":["asia-south1"],"labels":{},"scheduleTrigger":{"schedule":"every day 00:15","retryConfig":{},"timeZone":"UTC"},"entryPoint":"purgeOldFaresDaily"},"syncBufferChannels":{"availableMemoryMb":null,"timeoutSeconds":null,"minInstances":null,"maxInstances":null,"ingressSettings":null,"concurrency":null,"serviceAccountEmail":null,"vpc":null,"platform":"gcfv2","region":["asia-south1"],"secretEnvironmentVariables":[{"key":"BUFFER_API_KEY"}],"labels":{},"callableTrigger":{},"entryPoint":"syncBufferChannels"},"postSocialQueueToBuffer":{"availableMemoryMb":null,"timeoutSeconds":null,"minInstances":null,"maxInstances":null,"ingressSettings":null,"concurrency":null,"serviceAccountEmail":null,"vpc":null,"platform":"gcfv2","region":["asia-south1"],"secretEnvironmentVariables":[{"key":"BUFFER_API_KEY"}],"labels":{},"eventTrigger":{"eventType":"google.cloud.firestore.document.v1.created","eventFilters":{"database":"(default)","namespace":"(default)"},"eventFilterPathPatterns":{"document":"social_queue/{queueId}"},"retry":false},"entryPoint":"postSocialQueueToBuffer"}},"specVersion":"v1alpha1","requiredAPIs":[{"api":"cloudscheduler.googleapis.com","reason":"Needed for scheduled functions."}],"params":[{"type":"secret","name":"BUFFER_API_KEY"}]}
[debug] [2026-04-16T23:34:38.809Z] Checked if tokens are valid: true, expires at: 1776385618951
[debug] [2026-04-16T23:34:38.810Z] Checked if tokens are valid: true, expires at: 1776385618951
[debug] [2026-04-16T23:34:38.811Z] >>> [apiv2][query] GET https://secretmanager.googleapis.com/v1/projects/zamra-web-01/secrets/BUFFER_API_KEY [none]
[debug] [2026-04-16T23:34:39.460Z] <<< [apiv2][status] GET https://secretmanager.googleapis.com/v1/projects/zamra-web-01/secrets/BUFFER_API_KEY 200
[debug] [2026-04-16T23:34:39.460Z] <<< [apiv2][body] GET https://secretmanager.googleapis.com/v1/projects/zamra-web-01/secrets/BUFFER_API_KEY {"name":"projects/871356823310/secrets/BUFFER_API_KEY","replication":{"automatic":{}},"createTime":"2026-04-16T23:28:11.883460Z","labels":{"firebase-managed":"functions"},"etag":"\"164f9c2fc27947\""}
[debug] [2026-04-16T23:34:39.461Z] Checked if tokens are valid: true, expires at: 1776385618951
[debug] [2026-04-16T23:34:39.461Z] Checked if tokens are valid: true, expires at: 1776385618951
[debug] [2026-04-16T23:34:39.461Z] >>> [apiv2][query] GET https://secretmanager.googleapis.com/v1/projects/zamra-web-01/secrets/BUFFER_API_KEY/versions/latest [none]
[debug] [2026-04-16T23:34:39.777Z] <<< [apiv2][status] GET https://secretmanager.googleapis.com/v1/projects/zamra-web-01/secrets/BUFFER_API_KEY/versions/latest 200
[debug] [2026-04-16T23:34:39.777Z] <<< [apiv2][body] GET https://secretmanager.googleapis.com/v1/projects/zamra-web-01/secrets/BUFFER_API_KEY/versions/latest {"name":"projects/871356823310/secrets/BUFFER_API_KEY/versions/1","createTime":"2026-04-16T23:28:20.291243Z","state":"ENABLED","replicationStatus":{"automatic":{}},"etag":"\"164f9c3012beab\""}
[info] i  functions: preparing functions directory for uploading... 
[info] i  functions: packaged /Users/hafisfox/Desktop/Zamra/zamra_web/zamra/functions (52.38 KB) for uploading 
[debug] [2026-04-16T23:34:39.910Z] Checked if tokens are valid: true, expires at: 1776385618951
[debug] [2026-04-16T23:34:39.910Z] Checked if tokens are valid: true, expires at: 1776385618951
[debug] [2026-04-16T23:34:39.910Z] >>> [apiv2][query] GET https://cloudfunctions.googleapis.com/v1/projects/zamra-web-01/locations/-/functions [none]
[debug] [2026-04-16T23:34:40.805Z] <<< [apiv2][status] GET https://cloudfunctions.googleapis.com/v1/projects/zamra-web-01/locations/-/functions 200
[debug] [2026-04-16T23:34:40.806Z] <<< [apiv2][body] GET https://cloudfunctions.googleapis.com/v1/projects/zamra-web-01/locations/-/functions {}
[debug] [2026-04-16T23:34:40.809Z] Checked if tokens are valid: true, expires at: 1776385618951
[debug] [2026-04-16T23:34:40.809Z] Checked if tokens are valid: true, expires at: 1776385618951
[debug] [2026-04-16T23:34:40.809Z] >>> [apiv2][query] GET https://cloudfunctions.googleapis.com/v2/projects/zamra-web-01/locations/-/functions filter=environment%3D%22GEN_2%22
[debug] [2026-04-16T23:34:42.636Z] <<< [apiv2][status] GET https://cloudfunctions.googleapis.com/v2/projects/zamra-web-01/locations/-/functions 200
[debug] [2026-04-16T23:34:42.636Z] <<< [apiv2][body] GET https://cloudfunctions.googleapis.com/v2/projects/zamra-web-01/locations/-/functions {"functions":[{"name":"projects/zamra-web-01/locations/asia-south1/functions/bulkToggleSectorVisibility","buildConfig":{"build":"projects/871356823310/locations/asia-south1/builds/31034664-319c-416b-ac85-6e42dac9aee1","runtime":"nodejs22","entryPoint":"bulkToggleSectorVisibility","source":{"storageSource":{"bucket":"gcf-v2-sources-871356823310-asia-south1","object":"bulkToggleSectorVisibility/function-source.zip","generation":"1773863892413179"}},"environmentVariables":{"GOOGLE_NODE_RUN_SCRIPTS":""},"dockerRepository":"projects/zamra-web-01/locations/asia-south1/repositories/gcf-artifacts","sourceProvenance":{"resolvedStorageSource":{"bucket":"gcf-v2-sources-871356823310-asia-south1","object":"bulkToggleSectorVisibility/function-source.zip","generation":"1773863892413179"}},"dockerRegistry":"ARTIFACT_REGISTRY","serviceAccount":"projects/zamra-web-01/serviceAccounts/871356823310-compute@developer.gserviceaccount.com","automaticUpdatePolicy":{}},"serviceConfig":{"service":"projects/zamra-web-01/locations/asia-south1/services/bulktogglesectorvisibility","timeoutSeconds":60,"environmentVariables":{"FIREBASE_CONFIG":"{\"projectId\":\"zamra-web-01\",\"storageBucket\":\"zamra-web-01.firebasestorage.app\"}","GCLOUD_PROJECT":"zamra-web-01","EVENTARC_CLOUD_EVENT_SOURCE":"projects/zamra-web-01/locations/asia-south1/services/bulkToggleSectorVisibility","FUNCTION_TARGET":"bulkToggleSectorVisibility","LOG_EXECUTION_ID":"true","FUNCTION_SIGNATURE_TYPE":"http"},"maxInstanceCount":3,"ingressSettings":"ALLOW_ALL","uri":"https://bulktogglesectorvisibility-rker2mifna-el.a.run.app","serviceAccountEmail":"871356823310-compute@developer.gserviceaccount.com","availableMemory":"256Mi","allTrafficOnLatestRevision":true,"revision":"bulktogglesectorvisibility-00004-mer","maxInstanceRequestConcurrency":80,"availableCpu":"1"},"state":"ACTIVE","updateTime":"2026-03-18T19:58:20.186333175Z","labels":{"firebase-functions-hash":"14c59228e3b91d5160b522adee802faa82f92711","deployment-tool":"cli-firebase","deployment-callable":"true"},"environment":"GEN_2","url":"https://asia-south1-zamra-web-01.cloudfunctions.net/bulkToggleSectorVisibility","satisfiesPzs":true,"createTime":"2026-03-16T06:43:33.365635630Z","satisfiesPzi":true},{"name":"projects/zamra-web-01/locations/asia-south1/functions/bulkDeleteFares","buildConfig":{"build":"projects/871356823310/locations/asia-south1/builds/31034664-319c-416b-ac85-6e42dac9aee1","runtime":"nodejs22","entryPoint":"bulkDeleteFares","source":{"storageSource":{"bucket":"gcf-v2-sources-871356823310-asia-south1","object":"bulkDeleteFares/function-source.zip","generation":"1773863891475168"}},"environmentVariables":{"GOOGLE_NODE_RUN_SCRIPTS":""},"dockerRepository":"projects/zamra-web-01/locations/asia-south1/repositories/gcf-artifacts","sourceProvenance":{"resolvedStorageSource":{"bucket":"gcf-v2-sources-871356823310-asia-south1","object":"bulkDeleteFares/function-source.zip","generation":"1773863891475168"}},"dockerRegistry":"ARTIFACT_REGISTRY","serviceAccount":"projects/zamra-web-01/serviceAccounts/871356823310-compute@developer.gserviceaccount.com","automaticUpdatePolicy":{}},"serviceConfig":{"service":"projects/zamra-web-01/locations/asia-south1/services/bulkdeletefares","timeoutSeconds":60,"environmentVariables":{"FIREBASE_CONFIG":"{\"projectId\":\"zamra-web-01\",\"storageBucket\":\"zamra-web-01.firebasestorage.app\"}","GCLOUD_PROJECT":"zamra-web-01","EVENTARC_CLOUD_EVENT_SOURCE":"projects/zamra-web-01/locations/asia-south1/services/bulkDeleteFares","FUNCTION_TARGET":"bulkDeleteFares","LOG_EXECUTION_ID":"true","FUNCTION_SIGNATURE_TYPE":"http"},"maxInstanceCount":3,"ingressSettings":"ALLOW_ALL","uri":"https://bulkdeletefares-rker2mifna-el.a.run.app","serviceAccountEmail":"871356823310-compute@developer.gserviceaccount.com","availableMemory":"256Mi","allTrafficOnLatestRevision":true,"revision":"bulkdeletefares-00004-muy","maxInstanceRequestConcurrency":80,"availableCpu":"1"},"state":"ACTIVE","updateTime":"2026-03-18T19:58:19.859168695Z","labels":{"deployment-tool":"cli-firebase","deployment-callable":"true","firebase-functions-hash":"14c59228e3b91d5160b522adee802faa82f92711"},"environment":"GEN_2","url":"https://asia-south1-zamra-web-01.cloudfunctions.net/bulkDeleteFares","satisfiesPzs":true,"createTime":"2026-03-16T06:42:20.052321113Z","satisfiesPzi":true},{"name":"projects/zamra-web-01/locations/asia-south1/functions/bulkSyncAgentCommission","buildConfig":{"build":"projects/871356823310/locations/asia-south1/builds/31034664-319c-416b-ac85-6e42dac9aee1","runtime":"nodejs22","entryPoint":"bulkSyncAgentCommission","source":{"storageSource":{"bucket":"gcf-v2-sources-871356823310-asia-south1","object":"bulkSyncAgentCommission/function-source.zip","generation":"1773863892179733"}},"environmentVariables":{"GOOGLE_NODE_RUN_SCRIPTS":""},"dockerRepository":"projects/zamra-web-01/locations/asia-south1/repositories/gcf-artifacts","sourceProvenance":{"resolvedStorageSource":{"bucket":"gcf-v2-sources-871356823310-asia-south1","object":"bulkSyncAgentCommission/function-source.zip","generation":"1773863892179733"}},"dockerRegistry":"ARTIFACT_REGISTRY","serviceAccount":"projects/zamra-web-01/serviceAccounts/871356823310-compute@developer.gserviceaccount.com","automaticUpdatePolicy":{}},"serviceConfig":{"service":"projects/zamra-web-01/locations/asia-south1/services/bulksyncagentcommission","timeoutSeconds":60,"environmentVariables":{"FIREBASE_CONFIG":"{\"projectId\":\"zamra-web-01\",\"storageBucket\":\"zamra-web-01.firebasestorage.app\"}","GCLOUD_PROJECT":"zamra-web-01","EVENTARC_CLOUD_EVENT_SOURCE":"projects/zamra-web-01/locations/asia-south1/services/bulkSyncAgentCommission","FUNCTION_TARGET":"bulkSyncAgentCommission","LOG_EXECUTION_ID":"true","FUNCTION_SIGNATURE_TYPE":"http"},"maxInstanceCount":3,"ingressSettings":"ALLOW_ALL","uri":"https://bulksyncagentcommission-rker2mifna-el.a.run.app","serviceAccountEmail":"871356823310-compute@developer.gserviceaccount.com","availableMemory":"256Mi","allTrafficOnLatestRevision":true,"revision":"bulksyncagentcommission-00002-xuk","maxInstanceRequestConcurrency":80,"availableCpu":"1"},"state":"ACTIVE","updateTime":"2026-03-18T19:58:20.394772403Z","labels":{"deployment-callable":"true","firebase-functions-hash":"14c59228e3b91d5160b522adee802faa82f92711","deployment-tool":"cli-firebase"},"environment":"GEN_2","url":"https://asia-south1-zamra-web-01.cloudfunctions.net/bulkSyncAgentCommission","satisfiesPzs":true,"createTime":"2026-03-18T19:44:40.219981081Z","satisfiesPzi":true},{"name":"projects/zamra-web-01/locations/asia-south1/functions/ingestFaresFromN8n","buildConfig":{"build":"projects/871356823310/locations/asia-south1/builds/31034664-319c-416b-ac85-6e42dac9aee1","runtime":"nodejs22","entryPoint":"ingestFaresFromN8n","source":{"storageSource":{"bucket":"gcf-v2-sources-871356823310-asia-south1","object":"ingestFaresFromN8n/function-source.zip","generation":"1773863891939079"}},"environmentVariables":{"GOOGLE_NODE_RUN_SCRIPTS":""},"dockerRepository":"projects/zamra-web-01/locations/asia-south1/repositories/gcf-artifacts","sourceProvenance":{"resolvedStorageSource":{"bucket":"gcf-v2-sources-871356823310-asia-south1","object":"ingestFaresFromN8n/function-source.zip","generation":"1773863891939079"}},"dockerRegistry":"ARTIFACT_REGISTRY","serviceAccount":"projects/zamra-web-01/serviceAccounts/871356823310-compute@developer.gserviceaccount.com","automaticUpdatePolicy":{}},"serviceConfig":{"service":"projects/zamra-web-01/locations/asia-south1/services/ingestfaresfromn8n","timeoutSeconds":60,"environmentVariables":{"FIREBASE_CONFIG":"{\"projectId\":\"zamra-web-01\",\"storageBucket\":\"zamra-web-01.firebasestorage.app\"}","GCLOUD_PROJECT":"zamra-web-01","EVENTARC_CLOUD_EVENT_SOURCE":"projects/zamra-web-01/locations/asia-south1/services/ingestFaresFromN8n","FUNCTION_TARGET":"ingestFaresFromN8n","LOG_EXECUTION_ID":"true","FUNCTION_SIGNATURE_TYPE":"http"},"maxInstanceCount":3,"ingressSettings":"ALLOW_ALL","uri":"https://ingestfaresfromn8n-rker2mifna-el.a.run.app","serviceAccountEmail":"871356823310-compute@developer.gserviceaccount.com","availableMemory":"256Mi","allTrafficOnLatestRevision":true,"revision":"ingestfaresfromn8n-00004-xed","maxInstanceRequestConcurrency":80,"availableCpu":"1"},"state":"ACTIVE","updateTime":"2026-03-18T19:58:20.665467074Z","labels":{"deployment-tool":"cli-firebase","firebase-functions-hash":"14c59228e3b91d5160b522adee802faa82f92711"},"environment":"GEN_2","url":"https://asia-south1-zamra-web-01.cloudfunctions.net/ingestFaresFromN8n","satisfiesPzs":true,"createTime":"2026-03-16T06:43:33.434341295Z","satisfiesPzi":true},{"name":"projects/zamra-web-01/locations/asia-south1/functions/purgeOldFaresDaily","buildConfig":{"build":"projects/871356823310/locations/asia-south1/builds/31034664-319c-416b-ac85-6e42dac9aee1","runtime":"nodejs22","entryPoint":"purgeOldFaresDaily","source":{"storageSource":{"bucket":"gcf-v2-sources-871356823310-asia-south1","object":"purgeOldFaresDaily/function-source.zip","generation":"1773863828974393"}},"environmentVariables":{"GOOGLE_NODE_RUN_SCRIPTS":""},"dockerRepository":"projects/zamra-web-01/locations/asia-south1/repositories/gcf-artifacts","sourceProvenance":{"resolvedStorageSource":{"bucket":"gcf-v2-sources-871356823310-asia-south1","object":"purgeOldFaresDaily/function-source.zip","generation":"1773863828974393"}},"dockerRegistry":"ARTIFACT_REGISTRY","serviceAccount":"projects/zamra-web-01/serviceAccounts/871356823310-compute@developer.gserviceaccount.com","automaticUpdatePolicy":{}},"serviceConfig":{"service":"projects/zamra-web-01/locations/asia-south1/services/purgeoldfaresdaily","timeoutSeconds":60,"environmentVariables":{"FIREBASE_CONFIG":"{\"projectId\":\"zamra-web-01\",\"storageBucket\":\"zamra-web-01.firebasestorage.app\"}","GCLOUD_PROJECT":"zamra-web-01","EVENTARC_CLOUD_EVENT_SOURCE":"projects/zamra-web-01/locations/asia-south1/services/purgeOldFaresDaily","FUNCTION_TARGET":"purgeOldFaresDaily","LOG_EXECUTION_ID":"true"},"ingressSettings":"ALLOW_ALL","uri":"https://purgeoldfaresdaily-rker2mifna-el.a.run.app","serviceAccountEmail":"871356823310-compute@developer.gserviceaccount.com","availableMemory":"256Mi","allTrafficOnLatestRevision":true,"revision":"purgeoldfaresdaily-00001-xav","maxInstanceRequestConcurrency":80,"availableCpu":"1"},"state":"ACTIVE","updateTime":"2026-03-18T19:58:13.572123945Z","labels":{"deployment-tool":"cli-firebase","deployment-scheduled":"true","firebase-functions-hash":"14c59228e3b91d5160b522adee802faa82f92711"},"environment":"GEN_2","url":"https://asia-south1-zamra-web-01.cloudfunctions.net/purgeOldFaresDaily","satisfiesPzs":true,"createTime":"2026-03-18T19:57:09.588125535Z","satisfiesPzi":true},{"name":"projects/zamra-web-01/locations/asia-south1/functions/syncBufferChannels","buildConfig":{"build":"projects/871356823310/locations/asia-south1/builds/4b45f489-4e20-4a0b-b184-731816c465a1","runtime":"nodejs22","entryPoint":"syncBufferChannels","source":{"storageSource":{"bucket":"gcf-v2-sources-871356823310-asia-south1","object":"syncBufferChannels/function-source.zip","generation":"1776382139075261"}},"environmentVariables":{"GOOGLE_NODE_RUN_SCRIPTS":""},"dockerRepository":"projects/zamra-web-01/locations/asia-south1/repositories/gcf-artifacts","sourceProvenance":{"resolvedStorageSource":{"bucket":"gcf-v2-sources-871356823310-asia-south1","object":"syncBufferChannels/function-source.zip","generation":"1776382139075261"}},"dockerRegistry":"ARTIFACT_REGISTRY","serviceAccount":"projects/zamra-web-01/serviceAccounts/871356823310-compute@developer.gserviceaccount.com","automaticUpdatePolicy":{}},"serviceConfig":{"service":"projects/zamra-web-01/locations/asia-south1/services/syncbufferchannels","timeoutSeconds":60,"environmentVariables":{"FIREBASE_CONFIG":"{\"projectId\":\"zamra-web-01\",\"storageBucket\":\"zamra-web-01.firebasestorage.app\"}","GCLOUD_PROJECT":"zamra-web-01","EVENTARC_CLOUD_EVENT_SOURCE":"projects/zamra-web-01/locations/asia-south1/services/syncBufferChannels","FUNCTION_TARGET":"syncBufferChannels","LOG_EXECUTION_ID":"true"},"ingressSettings":"ALLOW_ALL","uri":"https://syncbufferchannels-rker2mifna-el.a.run.app","serviceAccountEmail":"871356823310-compute@developer.gserviceaccount.com","availableMemory":"256Mi","allTrafficOnLatestRevision":true,"secretEnvironmentVariables":[{"key":"BUFFER_API_KEY","projectId":"zamra-web-01","secret":"BUFFER_API_KEY","version":"1"}],"revision":"syncbufferchannels-00001-xej","maxInstanceRequestConcurrency":80,"availableCpu":"1"},"state":"ACTIVE","updateTime":"2026-04-16T23:30:16.033118430Z","labels":{"deployment-tool":"cli-firebase","deployment-callable":"true","firebase-functions-hash":"04ea4a0f6d75bacd0acaef406ea34f465151f85f"},"environment":"GEN_2","url":"https://asia-south1-zamra-web-01.cloudfunctions.net/syncBufferChannels","satisfiesPzs":true,"createTime":"2026-04-16T23:28:59.739753815Z","satisfiesPzi":true},{"name":"projects/zamra-web-01/locations/asia-south1/functions/bulkToggleAgentVisibility","buildConfig":{"build":"projects/871356823310/locations/asia-south1/builds/31034664-319c-416b-ac85-6e42dac9aee1","runtime":"nodejs22","entryPoint":"bulkToggleAgentVisibility","source":{"storageSource":{"bucket":"gcf-v2-sources-871356823310-asia-south1","object":"bulkToggleAgentVisibility/function-source.zip","generation":"1773863892400120"}},"environmentVariables":{"GOOGLE_NODE_RUN_SCRIPTS":""},"dockerRepository":"projects/zamra-web-01/locations/asia-south1/repositories/gcf-artifacts","sourceProvenance":{"resolvedStorageSource":{"bucket":"gcf-v2-sources-871356823310-asia-south1","object":"bulkToggleAgentVisibility/function-source.zip","generation":"1773863892400120"}},"dockerRegistry":"ARTIFACT_REGISTRY","serviceAccount":"projects/zamra-web-01/serviceAccounts/871356823310-compute@developer.gserviceaccount.com","automaticUpdatePolicy":{}},"serviceConfig":{"service":"projects/zamra-web-01/locations/asia-south1/services/bulktoggleagentvisibility","timeoutSeconds":60,"environmentVariables":{"FIREBASE_CONFIG":"{\"projectId\":\"zamra-web-01\",\"storageBucket\":\"zamra-web-01.firebasestorage.app\"}","GCLOUD_PROJECT":"zamra-web-01","EVENTARC_CLOUD_EVENT_SOURCE":"projects/zamra-web-01/locations/asia-south1/services/bulkToggleAgentVisibility","FUNCTION_TARGET":"bulkToggleAgentVisibility","LOG_EXECUTION_ID":"true","FUNCTION_SIGNATURE_TYPE":"http"},"maxInstanceCount":3,"ingressSettings":"ALLOW_ALL","uri":"https://bulktoggleagentvisibility-rker2mifna-el.a.run.app","serviceAccountEmail":"871356823310-compute@developer.gserviceaccount.com","availableMemory":"256Mi","allTrafficOnLatestRevision":true,"revision":"bulktoggleagentvisibility-00004-yad","maxInstanceRequestConcurrency":80,"availableCpu":"1"},"state":"ACTIVE","updateTime":"2026-03-18T19:58:20.668683857Z","labels":{"deployment-tool":"cli-firebase","deployment-callable":"true","firebase-functions-hash":"14c59228e3b91d5160b522adee802faa82f92711"},"environment":"GEN_2","url":"https://asia-south1-zamra-web-01.cloudfunctions.net/bulkToggleAgentVisibility","satisfiesPzs":true,"createTime":"2026-03-16T06:43:33.145492902Z","satisfiesPzi":true},{"name":"projects/zamra-web-01/locations/asia-south1/functions/generateAgentReport","buildConfig":{"build":"projects/871356823310/locations/asia-south1/builds/31034664-319c-416b-ac85-6e42dac9aee1","runtime":"nodejs22","entryPoint":"generateAgentReport","source":{"storageSource":{"bucket":"gcf-v2-sources-871356823310-asia-south1","object":"generateAgentReport/function-source.zip","generation":"1773863891645020"}},"environmentVariables":{"GOOGLE_NODE_RUN_SCRIPTS":""},"dockerRepository":"projects/zamra-web-01/locations/asia-south1/repositories/gcf-artifacts","sourceProvenance":{"resolvedStorageSource":{"bucket":"gcf-v2-sources-871356823310-asia-south1","object":"generateAgentReport/function-source.zip","generation":"1773863891645020"}},"dockerRegistry":"ARTIFACT_REGISTRY","serviceAccount":"projects/zamra-web-01/serviceAccounts/871356823310-compute@developer.gserviceaccount.com","automaticUpdatePolicy":{}},"serviceConfig":{"service":"projects/zamra-web-01/locations/asia-south1/services/generateagentreport","timeoutSeconds":60,"environmentVariables":{"FIREBASE_CONFIG":"{\"projectId\":\"zamra-web-01\",\"storageBucket\":\"zamra-web-01.firebasestorage.app\"}","GCLOUD_PROJECT":"zamra-web-01","EVENTARC_CLOUD_EVENT_SOURCE":"projects/zamra-web-01/locations/asia-south1/services/generateAgentReport","FUNCTION_TARGET":"generateAgentReport","LOG_EXECUTION_ID":"true","FUNCTION_SIGNATURE_TYPE":"http"},"maxInstanceCount":3,"ingressSettings":"ALLOW_ALL","uri":"https://generateagentreport-rker2mifna-el.a.run.app","serviceAccountEmail":"871356823310-compute@developer.gserviceaccount.com","availableMemory":"256Mi","allTrafficOnLatestRevision":true,"revision":"generateagentreport-00004-dod","maxInstanceRequestConcurrency":80,"availableCpu":"1"},"state":"ACTIVE","updateTime":"2026-03-18T19:58:18.224464492Z","labels":{"deployment-tool":"cli-firebase","deployment-callable":"true","firebase-functions-hash":"14c59228e3b91d5160b522adee802faa82f92711"},"environment":"GEN_2","url":"https://asia-south1-zamra-web-01.cloudfunctions.net/generateAgentReport","satisfiesPzs":true,"createTime":"2026-03-16T06:43:33.365972390Z","satisfiesPzi":true}]}
[debug] [2026-04-16T23:34:42.643Z] Checked if tokens are valid: true, expires at: 1776385618951
[debug] [2026-04-16T23:34:42.643Z] Checked if tokens are valid: true, expires at: 1776385618951
[debug] [2026-04-16T23:34:42.643Z] >>> [apiv2][query] GET https://firestore.googleapis.com/v1/projects/zamra-web-01/databases/(default) [none]
[debug] [2026-04-16T23:34:44.190Z] <<< [apiv2][status] GET https://firestore.googleapis.com/v1/projects/zamra-web-01/databases/(default) 200
[debug] [2026-04-16T23:34:44.191Z] <<< [apiv2][body] GET https://firestore.googleapis.com/v1/projects/zamra-web-01/databases/(default) {"name":"projects/zamra-web-01/databases/(default)","uid":"4f93d17c-1fea-4590-8fbc-4f137f3a2768","createTime":"2026-03-16T06:26:51.286233Z","updateTime":"2026-03-16T06:26:51.286233Z","locationId":"nam5","type":"FIRESTORE_NATIVE","concurrencyMode":"PESSIMISTIC","versionRetentionPeriod":"3600s","earliestVersionTime":"2026-04-16T22:34:44.384336Z","appEngineIntegrationMode":"DISABLED","keyPrefix":"s","pointInTimeRecoveryEnablement":"POINT_IN_TIME_RECOVERY_DISABLED","deleteProtectionState":"DELETE_PROTECTION_DISABLED","databaseEdition":"STANDARD","freeTier":true,"realtimeUpdatesMode":"REALTIME_UPDATES_MODE_ENABLED","etag":"ILCN3rfE85MDMOfQ64jmo5MD"}
[info] i  functions: ensuring required API cloudscheduler.googleapis.com is enabled... 
[info] i  functions: ensuring required API run.googleapis.com is enabled... 
[info] i  functions: ensuring required API eventarc.googleapis.com is enabled... 
[info] i  functions: ensuring required API pubsub.googleapis.com is enabled... 
[info] i  functions: ensuring required API storage.googleapis.com is enabled... 
[info] i  functions: generating the service identity for pubsub.googleapis.com... 
[debug] [2026-04-16T23:34:44.196Z] Checked if tokens are valid: true, expires at: 1776385618951
[debug] [2026-04-16T23:34:44.196Z] Checked if tokens are valid: true, expires at: 1776385618951
[info] i  functions: generating the service identity for eventarc.googleapis.com... 
[debug] [2026-04-16T23:34:44.196Z] Checked if tokens are valid: true, expires at: 1776385618951
[debug] [2026-04-16T23:34:44.196Z] Checked if tokens are valid: true, expires at: 1776385618951
[debug] [2026-04-16T23:34:44.196Z] >>> [apiv2][query] POST https://serviceusage.googleapis.com/v1beta1/projects/871356823310/services/pubsub.googleapis.com:generateServiceIdentity [none]
[debug] [2026-04-16T23:34:44.196Z] >>> [apiv2][(partial)header] POST https://serviceusage.googleapis.com/v1beta1/projects/871356823310/services/pubsub.googleapis.com:generateServiceIdentity  x-goog-user-project=871356823310
[debug] [2026-04-16T23:34:44.196Z] >>> [apiv2][body] POST https://serviceusage.googleapis.com/v1beta1/projects/871356823310/services/pubsub.googleapis.com:generateServiceIdentity {}
[debug] [2026-04-16T23:34:44.197Z] >>> [apiv2][query] POST https://serviceusage.googleapis.com/v1beta1/projects/871356823310/services/eventarc.googleapis.com:generateServiceIdentity [none]
[debug] [2026-04-16T23:34:44.197Z] >>> [apiv2][(partial)header] POST https://serviceusage.googleapis.com/v1beta1/projects/871356823310/services/eventarc.googleapis.com:generateServiceIdentity  x-goog-user-project=871356823310
[debug] [2026-04-16T23:34:44.197Z] >>> [apiv2][body] POST https://serviceusage.googleapis.com/v1beta1/projects/871356823310/services/eventarc.googleapis.com:generateServiceIdentity {}
[debug] [2026-04-16T23:34:45.901Z] <<< [apiv2][status] POST https://serviceusage.googleapis.com/v1beta1/projects/871356823310/services/pubsub.googleapis.com:generateServiceIdentity 200
[debug] [2026-04-16T23:34:45.901Z] <<< [apiv2][body] POST https://serviceusage.googleapis.com/v1beta1/projects/871356823310/services/pubsub.googleapis.com:generateServiceIdentity {"name":"operations/finished.DONE_OPERATION","done":true,"response":{"@type":"type.googleapis.com/google.api.serviceusage.v1beta1.ServiceIdentity","email":"service-871356823310@gcp-sa-pubsub.iam.gserviceaccount.com","uniqueId":"112222140349245336585"}}
[debug] [2026-04-16T23:34:45.922Z] <<< [apiv2][status] POST https://serviceusage.googleapis.com/v1beta1/projects/871356823310/services/eventarc.googleapis.com:generateServiceIdentity 200
[debug] [2026-04-16T23:34:45.922Z] <<< [apiv2][body] POST https://serviceusage.googleapis.com/v1beta1/projects/871356823310/services/eventarc.googleapis.com:generateServiceIdentity {"name":"operations/finished.DONE_OPERATION","done":true,"response":{"@type":"type.googleapis.com/google.api.serviceusage.v1beta1.ServiceIdentity","email":"service-871356823310@gcp-sa-eventarc.iam.gserviceaccount.com","uniqueId":"111642368268589462804"}}
[info] i  functions: ensuring required API secretmanager.googleapis.com is enabled... 
[debug] [2026-04-16T23:34:45.924Z] Checked if tokens are valid: true, expires at: 1776385618951
[debug] [2026-04-16T23:34:45.925Z] Checked if tokens are valid: true, expires at: 1776385618951
[debug] [2026-04-16T23:34:45.925Z] >>> [apiv2][query] GET https://secretmanager.googleapis.com/v1/projects/zamra-web-01/secrets/BUFFER_API_KEY/versions/latest [none]
[debug] [2026-04-16T23:34:46.313Z] <<< [apiv2][status] GET https://secretmanager.googleapis.com/v1/projects/zamra-web-01/secrets/BUFFER_API_KEY/versions/latest 200
[debug] [2026-04-16T23:34:46.313Z] <<< [apiv2][body] GET https://secretmanager.googleapis.com/v1/projects/zamra-web-01/secrets/BUFFER_API_KEY/versions/latest {"name":"projects/871356823310/secrets/BUFFER_API_KEY/versions/1","createTime":"2026-04-16T23:28:20.291243Z","state":"ENABLED","replicationStatus":{"automatic":{}},"etag":"\"164f9c3012beab\""}
[debug] [2026-04-16T23:34:46.314Z] Resolved secret version of BUFFER_API_KEY to 1.
[debug] [2026-04-16T23:34:46.318Z] Checked if tokens are valid: true, expires at: 1776385618951
[debug] [2026-04-16T23:34:46.319Z] Checked if tokens are valid: true, expires at: 1776385618951
[debug] [2026-04-16T23:34:46.319Z] >>> [apiv2][query] GET https://compute.googleapis.com/compute/v1/projects/871356823310 [none]
[debug] [2026-04-16T23:34:46.831Z] <<< [apiv2][status] GET https://compute.googleapis.com/compute/v1/projects/871356823310 200
[debug] [2026-04-16T23:34:46.831Z] <<< [apiv2][body] GET https://compute.googleapis.com/compute/v1/projects/871356823310 {"kind":"compute#project","id":"717486294302333075","creationTimestamp":"2026-03-15T23:43:08.356-07:00","name":"zamra-web-01","commonInstanceMetadata":{"kind":"compute#metadata","fingerprint":"MU0ZCiqSvXg="},"quotas":[{"metric":"SNAPSHOTS","limit":1000,"usage":0},{"metric":"NETWORKS","limit":5,"usage":1},{"metric":"FIREWALLS","limit":100,"usage":4},{"metric":"IMAGES","limit":100,"usage":0},{"metric":"STATIC_ADDRESSES","limit":8,"usage":0},{"metric":"ROUTES","limit":200,"usage":0},{"metric":"FORWARDING_RULES","limit":15,"usage":0},{"metric":"TARGET_POOLS","limit":50,"usage":0},{"metric":"HEALTH_CHECKS","limit":75,"usage":0},{"metric":"IN_USE_ADDRESSES","limit":8,"usage":0},{"metric":"TARGET_INSTANCES","limit":50,"usage":0},{"metric":"TARGET_HTTP_PROXIES","limit":10,"usage":0},{"metric":"URL_MAPS","limit":10,"usage":0},{"metric":"BACKEND_SERVICES","limit":50,"usage":0},{"metric":"INSTANCE_TEMPLATES","limit":100,"usage":0},{"metric":"TARGET_VPN_GATEWAYS","limit":5,"usage":0},{"metric":"VPN_TUNNELS","limit":10,"usage":0},{"metric":"BACKEND_BUCKETS","limit":3,"usage":0},{"metric":"ROUTERS","limit":10,"usage":0},{"metric":"TARGET_SSL_PROXIES","limit":10,"usage":0},{"metric":"TARGET_HTTPS_PROXIES","limit":10,"usage":0},{"metric":"SSL_CERTIFICATES","limit":10,"usage":0},{"metric":"SUBNETWORKS","limit":100,"usage":0},{"metric":"TARGET_TCP_PROXIES","limit":10,"usage":0},{"metric":"CPUS_ALL_REGIONS","limit":16,"usage":0},{"metric":"SECURITY_POLICIES","limit":10,"usage":0},{"metric":"SECURITY_POLICY_RULES","limit":100,"usage":0},{"metric":"XPN_SERVICE_PROJECTS","limit":1000,"usage":0},{"metric":"PACKET_MIRRORINGS","limit":20,"usage":0},{"metric":"NETWORK_ENDPOINT_GROUPS","limit":100,"usage":0},{"metric":"INTERCONNECTS","limit":6,"usage":0},{"metric":"SSL_POLICIES","limit":10,"usage":0},{"metric":"GLOBAL_INTERNAL_ADDRESSES","limit":5000,"usage":0},{"metric":"VPN_GATEWAYS","limit":5,"usage":0},{"metric":"MACHINE_IMAGES","limit":100,"usage":0},{"metric":"SECURITY_POLICY_CEVAL_RULES","limit":20,"usage":0},{"metric":"GPUS_ALL_REGIONS","limit":0,"usage":0},{"metric":"EXTERNAL_VPN_GATEWAYS","limit":5,"usage":0},{"metric":"PUBLIC_ADVERTISED_PREFIXES","limit":1,"usage":0},{"metric":"PUBLIC_DELEGATED_PREFIXES","limit":10,"usage":0},{"metric":"STATIC_BYOIP_ADDRESSES","limit":128,"usage":0},{"metric":"NETWORK_FIREWALL_POLICIES","limit":10,"usage":0},{"metric":"INTERNAL_TRAFFIC_DIRECTOR_FORWARDING_RULES","limit":15,"usage":0},{"metric":"GLOBAL_EXTERNAL_MANAGED_FORWARDING_RULES","limit":15,"usage":0},{"metric":"GLOBAL_INTERNAL_MANAGED_BACKEND_SERVICES","limit":50,"usage":0},{"metric":"GLOBAL_EXTERNAL_MANAGED_BACKEND_SERVICES","limit":50,"usage":0},{"metric":"GLOBAL_EXTERNAL_PROXY_LB_BACKEND_SERVICES","limit":50,"usage":0},{"metric":"GLOBAL_INTERNAL_TRAFFIC_DIRECTOR_BACKEND_SERVICES","limit":250,"usage":0}],"selfLink":"https://www.googleapis.com/compute/v1/projects/zamra-web-01","defaultServiceAccount":"871356823310-compute@developer.gserviceaccount.com","xpnProjectStatus":"UNSPECIFIED_XPN_PROJECT_STATUS","defaultNetworkTier":"PREMIUM","vmDnsSetting":"ZONAL_ONLY","cloudArmorTier":"CA_STANDARD"}
[debug] [2026-04-16T23:34:46.832Z] Checked if tokens are valid: true, expires at: 1776385618951
[debug] [2026-04-16T23:34:46.832Z] Checked if tokens are valid: true, expires at: 1776385618951
[debug] [2026-04-16T23:34:46.833Z] >>> [apiv2][query] POST https://cloudresourcemanager.googleapis.com/v1/projects/871356823310:getIamPolicy [none]
[debug] [2026-04-16T23:34:48.127Z] <<< [apiv2][status] POST https://cloudresourcemanager.googleapis.com/v1/projects/871356823310:getIamPolicy 200
[debug] [2026-04-16T23:34:48.127Z] <<< [apiv2][body] POST https://cloudresourcemanager.googleapis.com/v1/projects/871356823310:getIamPolicy {"version":1,"etag":"BwZPnDbRr5U=","bindings":[{"role":"roles/artifactregistry.serviceAgent","members":["serviceAccount:service-871356823310@gcp-sa-artifactregistry.iam.gserviceaccount.com"]},{"role":"roles/cloudbuild.builds.builder","members":["serviceAccount:871356823310@cloudbuild.gserviceaccount.com"]},{"role":"roles/cloudbuild.serviceAgent","members":["serviceAccount:service-871356823310@gcp-sa-cloudbuild.iam.gserviceaccount.com"]},{"role":"roles/cloudfunctions.serviceAgent","members":["serviceAccount:service-871356823310@gcf-admin-robot.iam.gserviceaccount.com"]},{"role":"roles/cloudscheduler.serviceAgent","members":["serviceAccount:service-871356823310@gcp-sa-cloudscheduler.iam.gserviceaccount.com"]},{"role":"roles/compute.instanceGroupManagerServiceAgent","members":["serviceAccount:871356823310@cloudservices.gserviceaccount.com"]},{"role":"roles/compute.serviceAgent","members":["serviceAccount:service-871356823310@compute-system.iam.gserviceaccount.com"]},{"role":"roles/containerregistry.ServiceAgent","members":["serviceAccount:service-871356823310@containerregistry.iam.gserviceaccount.com"]},{"role":"roles/editor","members":["serviceAccount:871356823310-compute@developer.gserviceaccount.com","serviceAccount:871356823310@cloudservices.gserviceaccount.com","serviceAccount:zamra-web-01@appspot.gserviceaccount.com"]},{"role":"roles/eventarc.eventReceiver","members":["serviceAccount:871356823310-compute@developer.gserviceaccount.com"]},{"role":"roles/eventarc.serviceAgent","members":["serviceAccount:service-871356823310@gcp-sa-eventarc.iam.gserviceaccount.com"]},{"role":"roles/firebase.admin","members":["serviceAccount:firebase-adminsdk-fbsvc@zamra-web-01.iam.gserviceaccount.com","serviceAccount:zamra-web-01@appspot.gserviceaccount.com"]},{"role":"roles/firebase.managementServiceAgent","members":["serviceAccount:service-871356823310@gcp-sa-firebase.iam.gserviceaccount.com"]},{"role":"roles/firebase.sdkAdminServiceAgent","members":["serviceAccount:firebase-adminsdk-fbsvc@zamra-web-01.iam.gserviceaccount.com"]},{"role":"roles/firebaseauth.admin","members":["serviceAccount:firebase-adminsdk-fbsvc@zamra-web-01.iam.gserviceaccount.com"]},{"role":"roles/firebaserules.system","members":["serviceAccount:service-871356823310@firebase-rules.iam.gserviceaccount.com"]},{"role":"roles/firebasestorage.serviceAgent","members":["serviceAccount:service-871356823310@gcp-sa-firebasestorage.iam.gserviceaccount.com"]},{"role":"roles/firestore.serviceAgent","members":["serviceAccount:service-871356823310@gcp-sa-firestore.iam.gserviceaccount.com"]},{"role":"roles/iam.serviceAccountTokenCreator","members":["serviceAccount:firebase-adminsdk-fbsvc@zamra-web-01.iam.gserviceaccount.com","serviceAccount:service-871356823310@gcp-sa-pubsub.iam.gserviceaccount.com"]},{"role":"roles/iam.serviceAccountUser","members":["serviceAccount:zamra-web-01@appspot.gserviceaccount.com"]},{"role":"roles/owner","members":["user:jobslive49@gmail.com"]},{"role":"roles/run.invoker","members":["serviceAccount:871356823310-compute@developer.gserviceaccount.com"]},{"role":"roles/run.serviceAgent","members":["serviceAccount:service-871356823310@serverless-robot-prod.iam.gserviceaccount.com"]},{"role":"roles/serviceusage.serviceUsageConsumer","members":["serviceAccount:firebase-adminsdk-fbsvc@zamra-web-01.iam.gserviceaccount.com"]},{"role":"roles/storage.admin","members":["serviceAccount:firebase-adminsdk-fbsvc@zamra-web-01.iam.gserviceaccount.com"]}]}
[debug] [2026-04-16T23:34:48.129Z] Checked if tokens are valid: true, expires at: 1776385618951
[debug] [2026-04-16T23:34:48.129Z] Checked if tokens are valid: true, expires at: 1776385618951
[debug] [2026-04-16T23:34:48.129Z] >>> [apiv2][query] GET https://cloudresourcemanager.googleapis.com/v1/projects/zamra-web-01 [none]
[debug] [2026-04-16T23:34:48.456Z] <<< [apiv2][status] GET https://cloudresourcemanager.googleapis.com/v1/projects/zamra-web-01 200
[debug] [2026-04-16T23:34:48.456Z] <<< [apiv2][body] GET https://cloudresourcemanager.googleapis.com/v1/projects/zamra-web-01 {"projectNumber":"871356823310","projectId":"zamra-web-01","lifecycleState":"ACTIVE","name":"Zamra-Web","labels":{"firebase":"enabled","firebase-core":"disabled"},"createTime":"2026-03-13T15:59:34.319366Z"}
[debug] [2026-04-16T23:34:48.459Z] Checked if tokens are valid: true, expires at: 1776385618951
[debug] [2026-04-16T23:34:48.459Z] Checked if tokens are valid: true, expires at: 1776385618951
[debug] [2026-04-16T23:34:48.459Z] >>> [apiv2][query] POST https://cloudfunctions.googleapis.com/v2/projects/zamra-web-01/locations/asia-south1/functions:generateUploadUrl [none]
[debug] [2026-04-16T23:34:49.137Z] <<< [apiv2][status] POST https://cloudfunctions.googleapis.com/v2/projects/zamra-web-01/locations/asia-south1/functions:generateUploadUrl 200
[debug] [2026-04-16T23:34:49.138Z] <<< [apiv2][body] POST https://cloudfunctions.googleapis.com/v2/projects/zamra-web-01/locations/asia-south1/functions:generateUploadUrl {"uploadUrl":"https://storage.googleapis.com/gcf-v2-uploads-871356823310.asia-south1.cloudfunctions.appspot.com/b3cb931b-d489-455a-b9bf-71d5ec8317c4.zip?GoogleAccessId=service-871356823310@gcf-admin-robot.iam.gserviceaccount.com&Expires=1776384289&Signature=SiiwChPkOLm6qRuXlrMGeAn1uUxVA7ZAtv1k3xgOPBopfmgQknDZzSKSWyrkt2HX1JbyPIP79WWsEHQg2G1TbV4ZZLSS27onvkhAfkSvLorWCuAE9SfK%2BSealVfZsPQCiI2tuzBjvR0s8B27pckVPE6YSUKFEYt5B2jfwqcRvyOv1fZL0ZBvJ3pmApmlctafC8pF%2FMCmveqjDMGQKsdyg5tbvBnd8b2G6KZwXCygdCizj4MYIp7TkTm%2FhYqUppnGLIB2F%2FZC23lR1bavdJd1s2VGAMnvNUxomrKuWNQsZJfO6k6Jnn4VXQlQVUC0r1dTHVcQGf1XLZ4NpK0645vU6A%3D%3D","storageSource":{"bucket":"gcf-v2-uploads-871356823310.asia-south1.cloudfunctions.appspot.com","object":"b3cb931b-d489-455a-b9bf-71d5ec8317c4.zip"}}
[debug] [2026-04-16T23:34:49.139Z] >>> [apiv2][query] PUT https://storage.googleapis.com/gcf-v2-uploads-871356823310.asia-south1.cloudfunctions.appspot.com/b3cb931b-d489-455a-b9bf-71d5ec8317c4.zip GoogleAccessId=service-871356823310%40gcf-admin-robot.iam.gserviceaccount.com&Expires=1776384289&Signature=SiiwChPkOLm6qRuXlrMGeAn1uUxVA7ZAtv1k3xgOPBopfmgQknDZzSKSWyrkt2HX1JbyPIP79WWsEHQg2G1TbV4ZZLSS27onvkhAfkSvLorWCuAE9SfK%2BSealVfZsPQCiI2tuzBjvR0s8B27pckVPE6YSUKFEYt5B2jfwqcRvyOv1fZL0ZBvJ3pmApmlctafC8pF%2FMCmveqjDMGQKsdyg5tbvBnd8b2G6KZwXCygdCizj4MYIp7TkTm%2FhYqUppnGLIB2F%2FZC23lR1bavdJd1s2VGAMnvNUxomrKuWNQsZJfO6k6Jnn4VXQlQVUC0r1dTHVcQGf1XLZ4NpK0645vU6A%3D%3D
[debug] [2026-04-16T23:34:49.139Z] >>> [apiv2][body] PUT https://storage.googleapis.com/gcf-v2-uploads-871356823310.asia-south1.cloudfunctions.appspot.com/b3cb931b-d489-455a-b9bf-71d5ec8317c4.zip [stream]
[debug] [2026-04-16T23:34:49.967Z] <<< [apiv2][status] PUT https://storage.googleapis.com/gcf-v2-uploads-871356823310.asia-south1.cloudfunctions.appspot.com/b3cb931b-d489-455a-b9bf-71d5ec8317c4.zip 200
[debug] [2026-04-16T23:34:49.967Z] <<< [apiv2][body] PUT https://storage.googleapis.com/gcf-v2-uploads-871356823310.asia-south1.cloudfunctions.appspot.com/b3cb931b-d489-455a-b9bf-71d5ec8317c4.zip [omitted]
[info] ✔  functions: functions source uploaded successfully 
[info] i  functions: creating Node.js 22 (2nd Gen) function postSocialQueueToBuffer(asia-south1)... 
[debug] [2026-04-16T23:34:49.972Z] Checked if tokens are valid: true, expires at: 1776385618951
[debug] [2026-04-16T23:34:49.973Z] Checked if tokens are valid: true, expires at: 1776385618951
[debug] [2026-04-16T23:34:49.973Z] >>> [apiv2][query] POST https://cloudfunctions.googleapis.com/v2/projects/zamra-web-01/locations/asia-south1/functions functionId=postSocialQueueToBuffer
[debug] [2026-04-16T23:34:49.973Z] >>> [apiv2][body] POST https://cloudfunctions.googleapis.com/v2/projects/zamra-web-01/locations/asia-south1/functions {"name":"projects/zamra-web-01/locations/asia-south1/functions/postSocialQueueToBuffer","buildConfig":{"runtime":"nodejs22","entryPoint":"postSocialQueueToBuffer","source":{"storageSource":{"bucket":"gcf-v2-uploads-871356823310.asia-south1.cloudfunctions.appspot.com","object":"b3cb931b-d489-455a-b9bf-71d5ec8317c4.zip"}},"environmentVariables":{"GOOGLE_NODE_RUN_SCRIPTS":""}},"serviceConfig":{"environmentVariables":{"FIREBASE_CONFIG":"{\"projectId\":\"zamra-web-01\",\"storageBucket\":\"zamra-web-01.firebasestorage.app\"}","GCLOUD_PROJECT":"zamra-web-01","EVENTARC_CLOUD_EVENT_SOURCE":"projects/zamra-web-01/locations/asia-south1/services/postSocialQueueToBuffer","FUNCTION_SIGNATURE_TYPE":"cloudevent","FUNCTION_TARGET":"postSocialQueueToBuffer","LOG_EXECUTION_ID":"true"},"secretEnvironmentVariables":[{"key":"BUFFER_API_KEY","secret":"BUFFER_API_KEY","projectId":"zamra-web-01","version":"1"}],"ingressSettings":null,"timeoutSeconds":null,"serviceAccountEmail":null,"availableMemory":"256Mi","minInstanceCount":null,"maxInstanceCount":null,"maxInstanceRequestConcurrency":80,"availableCpu":"1","vpcConnector":null,"vpcConnectorEgressSettings":null,"directVpcNetworkInterface":null,"directVpcEgress":null},"labels":{"deployment-tool":"cli-firebase","firebase-functions-hash":"04ea4a0f6d75bacd0acaef406ea34f465151f85f"},"eventTrigger":{"eventType":"google.cloud.firestore.document.v1.created","retryPolicy":"RETRY_POLICY_DO_NOT_RETRY","eventFilters":[{"attribute":"database","value":"(default)"},{"attribute":"namespace","value":"(default)"},{"attribute":"document","value":"social_queue/{queueId}","operator":"match-path-pattern"}],"triggerRegion":"nam5"}}
[debug] [2026-04-16T23:34:52.873Z] <<< [apiv2][status] POST https://cloudfunctions.googleapis.com/v2/projects/zamra-web-01/locations/asia-south1/functions 200
[debug] [2026-04-16T23:34:52.874Z] <<< [apiv2][body] POST https://cloudfunctions.googleapis.com/v2/projects/zamra-web-01/locations/asia-south1/functions {"name":"projects/zamra-web-01/locations/asia-south1/operations/operation-1776382490731-64f9c475863f7-37f0f24d-a3c4ad02","metadata":{"@type":"type.googleapis.com/google.cloud.functions.v2.OperationMetadata","createTime":"2026-04-16T23:34:53.124836854Z","target":"projects/zamra-web-01/locations/asia-south1/functions/postSocialQueueToBuffer","verb":"create","cancelRequested":false,"apiVersion":"v2"},"done":false}
[debug] [2026-04-16T23:34:52.877Z] Checked if tokens are valid: true, expires at: 1776385618951
[debug] [2026-04-16T23:34:52.877Z] Checked if tokens are valid: true, expires at: 1776385618951
[debug] [2026-04-16T23:34:52.877Z] >>> [apiv2][query] GET https://cloudfunctions.googleapis.com/v2/projects/zamra-web-01/locations/asia-south1/operations/operation-1776382490731-64f9c475863f7-37f0f24d-a3c4ad02 [none]
[debug] [2026-04-16T23:34:53.344Z] <<< [apiv2][status] GET https://cloudfunctions.googleapis.com/v2/projects/zamra-web-01/locations/asia-south1/operations/operation-1776382490731-64f9c475863f7-37f0f24d-a3c4ad02 200
[debug] [2026-04-16T23:34:53.344Z] <<< [apiv2][body] GET https://cloudfunctions.googleapis.com/v2/projects/zamra-web-01/locations/asia-south1/operations/operation-1776382490731-64f9c475863f7-37f0f24d-a3c4ad02 {"name":"projects/zamra-web-01/locations/asia-south1/operations/operation-1776382490731-64f9c475863f7-37f0f24d-a3c4ad02","metadata":{"@type":"type.googleapis.com/google.cloud.functions.v2.OperationMetadata","createTime":"2026-04-16T23:34:53.124836854Z","target":"projects/zamra-web-01/locations/asia-south1/functions/postSocialQueueToBuffer","verb":"create","cancelRequested":false,"apiVersion":"v2","requestResource":{"@type":"type.googleapis.com/google.cloud.functions.v2.Function","name":"projects/zamra-web-01/locations/asia-south1/functions/postSocialQueueToBuffer","buildConfig":{"runtime":"nodejs22","entryPoint":"postSocialQueueToBuffer","source":{"storageSource":{"bucket":"gcf-v2-sources-871356823310-asia-south1","object":"postSocialQueueToBuffer/function-source.zip","generation":"1776382490949877"}},"environmentVariables":{"GOOGLE_NODE_RUN_SCRIPTS":""},"serviceAccount":"projects/zamra-web-01/serviceAccounts/871356823310-compute@developer.gserviceaccount.com","automaticUpdatePolicy":{}},"serviceConfig":{"service":"projects/zamra-web-01/locations/asia-south1/services/postsocialqueuetobuffer","timeoutSeconds":60,"environmentVariables":{"FIREBASE_CONFIG":"{\"projectId\":\"zamra-web-01\",\"storageBucket\":\"zamra-web-01.firebasestorage.app\"}","GCLOUD_PROJECT":"zamra-web-01","EVENTARC_CLOUD_EVENT_SOURCE":"projects/zamra-web-01/locations/asia-south1/services/postSocialQueueToBuffer","FUNCTION_SIGNATURE_TYPE":"cloudevent","FUNCTION_TARGET":"postSocialQueueToBuffer","LOG_EXECUTION_ID":"true"},"ingressSettings":"ALLOW_ALL","serviceAccountEmail":"871356823310-compute@developer.gserviceaccount.com","availableMemory":"256Mi","secretEnvironmentVariables":[{"key":"BUFFER_API_KEY","projectId":"zamra-web-01","secret":"BUFFER_API_KEY","version":"1"}],"maxInstanceRequestConcurrency":80,"availableCpu":"1"},"eventTrigger":{"trigger":"projects/zamra-web-01/locations/nam5/triggers/postsocialqueuetobuffer-232383","triggerRegion":"nam5","eventType":"google.cloud.firestore.document.v1.created","eventFilters":[{"attribute":"database","value":"(default)"},{"attribute":"namespace","value":"(default)"},{"attribute":"document","value":"social_queue/{queueId}","operator":"match-path-pattern"}],"serviceAccountEmail":"871356823310-compute@developer.gserviceaccount.com","retryPolicy":"RETRY_POLICY_DO_NOT_RETRY"},"labels":{"deployment-tool":"cli-firebase","firebase-functions-hash":"04ea4a0f6d75bacd0acaef406ea34f465151f85f"},"environment":"GEN_2"},"stages":[{"name":"BUILD","state":"NOT_STARTED"},{"name":"SERVICE","state":"NOT_STARTED"},{"name":"TRIGGER","state":"NOT_STARTED"}],"operationType":"CREATE_FUNCTION"},"done":false}
[debug] [2026-04-16T23:34:53.845Z] [create-default-asia-south1-postSocialQueueToBuffer] Retrying task index 0
[debug] [2026-04-16T23:34:53.846Z] Checked if tokens are valid: true, expires at: 1776385618951
[debug] [2026-04-16T23:34:53.846Z] Checked if tokens are valid: true, expires at: 1776385618951
[debug] [2026-04-16T23:34:53.846Z] >>> [apiv2][query] GET https://cloudfunctions.googleapis.com/v2/projects/zamra-web-01/locations/asia-south1/operations/operation-1776382490731-64f9c475863f7-37f0f24d-a3c4ad02 [none]
[debug] [2026-04-16T23:34:54.337Z] <<< [apiv2][status] GET https://cloudfunctions.googleapis.com/v2/projects/zamra-web-01/locations/asia-south1/operations/operation-1776382490731-64f9c475863f7-37f0f24d-a3c4ad02 200
[debug] [2026-04-16T23:34:54.337Z] <<< [apiv2][body] GET https://cloudfunctions.googleapis.com/v2/projects/zamra-web-01/locations/asia-south1/operations/operation-1776382490731-64f9c475863f7-37f0f24d-a3c4ad02 {"name":"projects/zamra-web-01/locations/asia-south1/operations/operation-1776382490731-64f9c475863f7-37f0f24d-a3c4ad02","metadata":{"@type":"type.googleapis.com/google.cloud.functions.v2.OperationMetadata","createTime":"2026-04-16T23:34:53.124836854Z","target":"projects/zamra-web-01/locations/asia-south1/functions/postSocialQueueToBuffer","verb":"create","cancelRequested":false,"apiVersion":"v2","requestResource":{"@type":"type.googleapis.com/google.cloud.functions.v2.Function","name":"projects/zamra-web-01/locations/asia-south1/functions/postSocialQueueToBuffer","buildConfig":{"runtime":"nodejs22","entryPoint":"postSocialQueueToBuffer","source":{"storageSource":{"bucket":"gcf-v2-sources-871356823310-asia-south1","object":"postSocialQueueToBuffer/function-source.zip","generation":"1776382490949877"}},"environmentVariables":{"GOOGLE_NODE_RUN_SCRIPTS":""},"serviceAccount":"projects/zamra-web-01/serviceAccounts/871356823310-compute@developer.gserviceaccount.com","automaticUpdatePolicy":{}},"serviceConfig":{"service":"projects/zamra-web-01/locations/asia-south1/services/postsocialqueuetobuffer","timeoutSeconds":60,"environmentVariables":{"FIREBASE_CONFIG":"{\"projectId\":\"zamra-web-01\",\"storageBucket\":\"zamra-web-01.firebasestorage.app\"}","GCLOUD_PROJECT":"zamra-web-01","EVENTARC_CLOUD_EVENT_SOURCE":"projects/zamra-web-01/locations/asia-south1/services/postSocialQueueToBuffer","FUNCTION_SIGNATURE_TYPE":"cloudevent","FUNCTION_TARGET":"postSocialQueueToBuffer","LOG_EXECUTION_ID":"true"},"ingressSettings":"ALLOW_ALL","serviceAccountEmail":"871356823310-compute@developer.gserviceaccount.com","availableMemory":"256Mi","secretEnvironmentVariables":[{"key":"BUFFER_API_KEY","projectId":"zamra-web-01","secret":"BUFFER_API_KEY","version":"1"}],"maxInstanceRequestConcurrency":80,"availableCpu":"1"},"eventTrigger":{"trigger":"projects/zamra-web-01/locations/nam5/triggers/postsocialqueuetobuffer-232383","triggerRegion":"nam5","eventType":"google.cloud.firestore.document.v1.created","eventFilters":[{"attribute":"database","value":"(default)"},{"attribute":"namespace","value":"(default)"},{"attribute":"document","value":"social_queue/{queueId}","operator":"match-path-pattern"}],"serviceAccountEmail":"871356823310-compute@developer.gserviceaccount.com","retryPolicy":"RETRY_POLICY_DO_NOT_RETRY"},"labels":{"deployment-tool":"cli-firebase","firebase-functions-hash":"04ea4a0f6d75bacd0acaef406ea34f465151f85f"},"environment":"GEN_2"},"stages":[{"name":"BUILD","state":"NOT_STARTED"},{"name":"SERVICE","state":"NOT_STARTED"},{"name":"TRIGGER","state":"NOT_STARTED"}],"operationType":"CREATE_FUNCTION"},"done":false}
[debug] [2026-04-16T23:34:55.338Z] [create-default-asia-south1-postSocialQueueToBuffer] Retrying task index 0
[debug] [2026-04-16T23:34:55.338Z] Checked if tokens are valid: true, expires at: 1776385618951
[debug] [2026-04-16T23:34:55.338Z] Checked if tokens are valid: true, expires at: 1776385618951
[debug] [2026-04-16T23:34:55.339Z] >>> [apiv2][query] GET https://cloudfunctions.googleapis.com/v2/projects/zamra-web-01/locations/asia-south1/operations/operation-1776382490731-64f9c475863f7-37f0f24d-a3c4ad02 [none]
[debug] [2026-04-16T23:34:55.846Z] <<< [apiv2][status] GET https://cloudfunctions.googleapis.com/v2/projects/zamra-web-01/locations/asia-south1/operations/operation-1776382490731-64f9c475863f7-37f0f24d-a3c4ad02 200
[debug] [2026-04-16T23:34:55.846Z] <<< [apiv2][body] GET https://cloudfunctions.googleapis.com/v2/projects/zamra-web-01/locations/asia-south1/operations/operation-1776382490731-64f9c475863f7-37f0f24d-a3c4ad02 {"name":"projects/zamra-web-01/locations/asia-south1/operations/operation-1776382490731-64f9c475863f7-37f0f24d-a3c4ad02","metadata":{"@type":"type.googleapis.com/google.cloud.functions.v2.OperationMetadata","createTime":"2026-04-16T23:34:53.124836854Z","target":"projects/zamra-web-01/locations/asia-south1/functions/postSocialQueueToBuffer","verb":"create","cancelRequested":false,"apiVersion":"v2","requestResource":{"@type":"type.googleapis.com/google.cloud.functions.v2.Function","name":"projects/zamra-web-01/locations/asia-south1/functions/postSocialQueueToBuffer","buildConfig":{"runtime":"nodejs22","entryPoint":"postSocialQueueToBuffer","source":{"storageSource":{"bucket":"gcf-v2-sources-871356823310-asia-south1","object":"postSocialQueueToBuffer/function-source.zip","generation":"1776382490949877"}},"environmentVariables":{"GOOGLE_NODE_RUN_SCRIPTS":""},"serviceAccount":"projects/zamra-web-01/serviceAccounts/871356823310-compute@developer.gserviceaccount.com","automaticUpdatePolicy":{}},"serviceConfig":{"service":"projects/zamra-web-01/locations/asia-south1/services/postsocialqueuetobuffer","timeoutSeconds":60,"environmentVariables":{"FIREBASE_CONFIG":"{\"projectId\":\"zamra-web-01\",\"storageBucket\":\"zamra-web-01.firebasestorage.app\"}","GCLOUD_PROJECT":"zamra-web-01","EVENTARC_CLOUD_EVENT_SOURCE":"projects/zamra-web-01/locations/asia-south1/services/postSocialQueueToBuffer","FUNCTION_SIGNATURE_TYPE":"cloudevent","FUNCTION_TARGET":"postSocialQueueToBuffer","LOG_EXECUTION_ID":"true"},"ingressSettings":"ALLOW_ALL","serviceAccountEmail":"871356823310-compute@developer.gserviceaccount.com","availableMemory":"256Mi","secretEnvironmentVariables":[{"key":"BUFFER_API_KEY","projectId":"zamra-web-01","secret":"BUFFER_API_KEY","version":"1"}],"maxInstanceRequestConcurrency":80,"availableCpu":"1"},"eventTrigger":{"trigger":"projects/zamra-web-01/locations/nam5/triggers/postsocialqueuetobuffer-232383","triggerRegion":"nam5","eventType":"google.cloud.firestore.document.v1.created","eventFilters":[{"attribute":"database","value":"(default)"},{"attribute":"namespace","value":"(default)"},{"attribute":"document","value":"social_queue/{queueId}","operator":"match-path-pattern"}],"serviceAccountEmail":"871356823310-compute@developer.gserviceaccount.com","retryPolicy":"RETRY_POLICY_DO_NOT_RETRY"},"labels":{"deployment-tool":"cli-firebase","firebase-functions-hash":"04ea4a0f6d75bacd0acaef406ea34f465151f85f"},"environment":"GEN_2"},"stages":[{"name":"BUILD","message":"Build in progress","state":"IN_PROGRESS","resource":"projects/871356823310/locations/asia-south1/builds/d015195e-65cf-44cc-b17a-6c3089aa5bc3","resourceUri":"https://console.cloud.google.com/cloud-build/builds;region=asia-south1/d015195e-65cf-44cc-b17a-6c3089aa5bc3?project=871356823310"},{"name":"SERVICE","state":"NOT_STARTED"},{"name":"TRIGGER","state":"NOT_STARTED"}],"operationType":"CREATE_FUNCTION","buildName":"projects/871356823310/locations/asia-south1/builds/d015195e-65cf-44cc-b17a-6c3089aa5bc3"},"done":false}
[debug] [2026-04-16T23:34:57.847Z] [create-default-asia-south1-postSocialQueueToBuffer] Retrying task index 0
[debug] [2026-04-16T23:34:57.847Z] Checked if tokens are valid: true, expires at: 1776385618951
[debug] [2026-04-16T23:34:57.847Z] Checked if tokens are valid: true, expires at: 1776385618951
[debug] [2026-04-16T23:34:57.847Z] >>> [apiv2][query] GET https://cloudfunctions.googleapis.com/v2/projects/zamra-web-01/locations/asia-south1/operations/operation-1776382490731-64f9c475863f7-37f0f24d-a3c4ad02 [none]
[debug] [2026-04-16T23:34:58.029Z] <<< [apiv2][status] GET https://cloudfunctions.googleapis.com/v2/projects/zamra-web-01/locations/asia-south1/operations/operation-1776382490731-64f9c475863f7-37f0f24d-a3c4ad02 200
[debug] [2026-04-16T23:34:58.029Z] <<< [apiv2][body] GET https://cloudfunctions.googleapis.com/v2/projects/zamra-web-01/locations/asia-south1/operations/operation-1776382490731-64f9c475863f7-37f0f24d-a3c4ad02 {"name":"projects/zamra-web-01/locations/asia-south1/operations/operation-1776382490731-64f9c475863f7-37f0f24d-a3c4ad02","metadata":{"@type":"type.googleapis.com/google.cloud.functions.v2.OperationMetadata","createTime":"2026-04-16T23:34:53.124836854Z","target":"projects/zamra-web-01/locations/asia-south1/functions/postSocialQueueToBuffer","verb":"create","cancelRequested":false,"apiVersion":"v2","requestResource":{"@type":"type.googleapis.com/google.cloud.functions.v2.Function","name":"projects/zamra-web-01/locations/asia-south1/functions/postSocialQueueToBuffer","buildConfig":{"runtime":"nodejs22","entryPoint":"postSocialQueueToBuffer","source":{"storageSource":{"bucket":"gcf-v2-sources-871356823310-asia-south1","object":"postSocialQueueToBuffer/function-source.zip","generation":"1776382490949877"}},"environmentVariables":{"GOOGLE_NODE_RUN_SCRIPTS":""},"serviceAccount":"projects/zamra-web-01/serviceAccounts/871356823310-compute@developer.gserviceaccount.com","automaticUpdatePolicy":{}},"serviceConfig":{"service":"projects/zamra-web-01/locations/asia-south1/services/postsocialqueuetobuffer","timeoutSeconds":60,"environmentVariables":{"FIREBASE_CONFIG":"{\"projectId\":\"zamra-web-01\",\"storageBucket\":\"zamra-web-01.firebasestorage.app\"}","GCLOUD_PROJECT":"zamra-web-01","EVENTARC_CLOUD_EVENT_SOURCE":"projects/zamra-web-01/locations/asia-south1/services/postSocialQueueToBuffer","FUNCTION_SIGNATURE_TYPE":"cloudevent","FUNCTION_TARGET":"postSocialQueueToBuffer","LOG_EXECUTION_ID":"true"},"ingressSettings":"ALLOW_ALL","serviceAccountEmail":"871356823310-compute@developer.gserviceaccount.com","availableMemory":"256Mi","secretEnvironmentVariables":[{"key":"BUFFER_API_KEY","projectId":"zamra-web-01","secret":"BUFFER_API_KEY","version":"1"}],"maxInstanceRequestConcurrency":80,"availableCpu":"1"},"eventTrigger":{"trigger":"projects/zamra-web-01/locations/nam5/triggers/postsocialqueuetobuffer-232383","triggerRegion":"nam5","eventType":"google.cloud.firestore.document.v1.created","eventFilters":[{"attribute":"database","value":"(default)"},{"attribute":"namespace","value":"(default)"},{"attribute":"document","value":"social_queue/{queueId}","operator":"match-path-pattern"}],"serviceAccountEmail":"871356823310-compute@developer.gserviceaccount.com","retryPolicy":"RETRY_POLICY_DO_NOT_RETRY"},"labels":{"deployment-tool":"cli-firebase","firebase-functions-hash":"04ea4a0f6d75bacd0acaef406ea34f465151f85f"},"environment":"GEN_2"},"stages":[{"name":"BUILD","message":"Build in progress","state":"IN_PROGRESS","resource":"projects/871356823310/locations/asia-south1/builds/d015195e-65cf-44cc-b17a-6c3089aa5bc3","resourceUri":"https://console.cloud.google.com/cloud-build/builds;region=asia-south1/d015195e-65cf-44cc-b17a-6c3089aa5bc3?project=871356823310"},{"name":"SERVICE","state":"NOT_STARTED"},{"name":"TRIGGER","state":"NOT_STARTED"}],"operationType":"CREATE_FUNCTION","buildName":"projects/871356823310/locations/asia-south1/builds/d015195e-65cf-44cc-b17a-6c3089aa5bc3"},"done":false}
[debug] [2026-04-16T23:35:02.087Z] [create-default-asia-south1-postSocialQueueToBuffer] Retrying task index 0
[debug] [2026-04-16T23:35:02.107Z] Checked if tokens are valid: true, expires at: 1776385618951
[debug] [2026-04-16T23:35:02.108Z] Checked if tokens are valid: true, expires at: 1776385618951
[debug] [2026-04-16T23:35:02.116Z] >>> [apiv2][query] GET https://cloudfunctions.googleapis.com/v2/projects/zamra-web-01/locations/asia-south1/operations/operation-1776382490731-64f9c475863f7-37f0f24d-a3c4ad02 [none]
[debug] [2026-04-16T23:35:02.536Z] <<< [apiv2][status] GET https://cloudfunctions.googleapis.com/v2/projects/zamra-web-01/locations/asia-south1/operations/operation-1776382490731-64f9c475863f7-37f0f24d-a3c4ad02 200
[debug] [2026-04-16T23:35:02.536Z] <<< [apiv2][body] GET https://cloudfunctions.googleapis.com/v2/projects/zamra-web-01/locations/asia-south1/operations/operation-1776382490731-64f9c475863f7-37f0f24d-a3c4ad02 {"name":"projects/zamra-web-01/locations/asia-south1/operations/operation-1776382490731-64f9c475863f7-37f0f24d-a3c4ad02","metadata":{"@type":"type.googleapis.com/google.cloud.functions.v2.OperationMetadata","createTime":"2026-04-16T23:34:53.124836854Z","target":"projects/zamra-web-01/locations/asia-south1/functions/postSocialQueueToBuffer","verb":"create","cancelRequested":false,"apiVersion":"v2","requestResource":{"@type":"type.googleapis.com/google.cloud.functions.v2.Function","name":"projects/zamra-web-01/locations/asia-south1/functions/postSocialQueueToBuffer","buildConfig":{"runtime":"nodejs22","entryPoint":"postSocialQueueToBuffer","source":{"storageSource":{"bucket":"gcf-v2-sources-871356823310-asia-south1","object":"postSocialQueueToBuffer/function-source.zip","generation":"1776382490949877"}},"environmentVariables":{"GOOGLE_NODE_RUN_SCRIPTS":""},"serviceAccount":"projects/zamra-web-01/serviceAccounts/871356823310-compute@developer.gserviceaccount.com","automaticUpdatePolicy":{}},"serviceConfig":{"service":"projects/zamra-web-01/locations/asia-south1/services/postsocialqueuetobuffer","timeoutSeconds":60,"environmentVariables":{"FIREBASE_CONFIG":"{\"projectId\":\"zamra-web-01\",\"storageBucket\":\"zamra-web-01.firebasestorage.app\"}","GCLOUD_PROJECT":"zamra-web-01","EVENTARC_CLOUD_EVENT_SOURCE":"projects/zamra-web-01/locations/asia-south1/services/postSocialQueueToBuffer","FUNCTION_SIGNATURE_TYPE":"cloudevent","FUNCTION_TARGET":"postSocialQueueToBuffer","LOG_EXECUTION_ID":"true"},"ingressSettings":"ALLOW_ALL","serviceAccountEmail":"871356823310-compute@developer.gserviceaccount.com","availableMemory":"256Mi","secretEnvironmentVariables":[{"key":"BUFFER_API_KEY","projectId":"zamra-web-01","secret":"BUFFER_API_KEY","version":"1"}],"maxInstanceRequestConcurrency":80,"availableCpu":"1"},"eventTrigger":{"trigger":"projects/zamra-web-01/locations/nam5/triggers/postsocialqueuetobuffer-232383","triggerRegion":"nam5","eventType":"google.cloud.firestore.document.v1.created","eventFilters":[{"attribute":"database","value":"(default)"},{"attribute":"namespace","value":"(default)"},{"attribute":"document","value":"social_queue/{queueId}","operator":"match-path-pattern"}],"serviceAccountEmail":"871356823310-compute@developer.gserviceaccount.com","retryPolicy":"RETRY_POLICY_DO_NOT_RETRY"},"labels":{"deployment-tool":"cli-firebase","firebase-functions-hash":"04ea4a0f6d75bacd0acaef406ea34f465151f85f"},"environment":"GEN_2"},"stages":[{"name":"BUILD","message":"Build in progress","state":"IN_PROGRESS","resource":"projects/871356823310/locations/asia-south1/builds/d015195e-65cf-44cc-b17a-6c3089aa5bc3","resourceUri":"https://console.cloud.google.com/cloud-build/builds;region=asia-south1/d015195e-65cf-44cc-b17a-6c3089aa5bc3?project=871356823310"},{"name":"SERVICE","state":"NOT_STARTED"},{"name":"TRIGGER","state":"NOT_STARTED"}],"operationType":"CREATE_FUNCTION","buildName":"projects/871356823310/locations/asia-south1/builds/d015195e-65cf-44cc-b17a-6c3089aa5bc3"},"done":false}
[debug] [2026-04-16T23:35:10.540Z] [create-default-asia-south1-postSocialQueueToBuffer] Retrying task index 0
[debug] [2026-04-16T23:35:10.543Z] Checked if tokens are valid: true, expires at: 1776385618951
[debug] [2026-04-16T23:35:10.543Z] Checked if tokens are valid: true, expires at: 1776385618951
[debug] [2026-04-16T23:35:10.544Z] >>> [apiv2][query] GET https://cloudfunctions.googleapis.com/v2/projects/zamra-web-01/locations/asia-south1/operations/operation-1776382490731-64f9c475863f7-37f0f24d-a3c4ad02 [none]
[debug] [2026-04-16T23:35:11.110Z] <<< [apiv2][status] GET https://cloudfunctions.googleapis.com/v2/projects/zamra-web-01/locations/asia-south1/operations/operation-1776382490731-64f9c475863f7-37f0f24d-a3c4ad02 200
[debug] [2026-04-16T23:35:11.110Z] <<< [apiv2][body] GET https://cloudfunctions.googleapis.com/v2/projects/zamra-web-01/locations/asia-south1/operations/operation-1776382490731-64f9c475863f7-37f0f24d-a3c4ad02 {"name":"projects/zamra-web-01/locations/asia-south1/operations/operation-1776382490731-64f9c475863f7-37f0f24d-a3c4ad02","metadata":{"@type":"type.googleapis.com/google.cloud.functions.v2.OperationMetadata","createTime":"2026-04-16T23:34:53.124836854Z","target":"projects/zamra-web-01/locations/asia-south1/functions/postSocialQueueToBuffer","verb":"create","cancelRequested":false,"apiVersion":"v2","requestResource":{"@type":"type.googleapis.com/google.cloud.functions.v2.Function","name":"projects/zamra-web-01/locations/asia-south1/functions/postSocialQueueToBuffer","buildConfig":{"runtime":"nodejs22","entryPoint":"postSocialQueueToBuffer","source":{"storageSource":{"bucket":"gcf-v2-sources-871356823310-asia-south1","object":"postSocialQueueToBuffer/function-source.zip","generation":"1776382490949877"}},"environmentVariables":{"GOOGLE_NODE_RUN_SCRIPTS":""},"serviceAccount":"projects/zamra-web-01/serviceAccounts/871356823310-compute@developer.gserviceaccount.com","automaticUpdatePolicy":{}},"serviceConfig":{"service":"projects/zamra-web-01/locations/asia-south1/services/postsocialqueuetobuffer","timeoutSeconds":60,"environmentVariables":{"FIREBASE_CONFIG":"{\"projectId\":\"zamra-web-01\",\"storageBucket\":\"zamra-web-01.firebasestorage.app\"}","GCLOUD_PROJECT":"zamra-web-01","EVENTARC_CLOUD_EVENT_SOURCE":"projects/zamra-web-01/locations/asia-south1/services/postSocialQueueToBuffer","FUNCTION_SIGNATURE_TYPE":"cloudevent","FUNCTION_TARGET":"postSocialQueueToBuffer","LOG_EXECUTION_ID":"true"},"ingressSettings":"ALLOW_ALL","serviceAccountEmail":"871356823310-compute@developer.gserviceaccount.com","availableMemory":"256Mi","secretEnvironmentVariables":[{"key":"BUFFER_API_KEY","projectId":"zamra-web-01","secret":"BUFFER_API_KEY","version":"1"}],"maxInstanceRequestConcurrency":80,"availableCpu":"1"},"eventTrigger":{"trigger":"projects/zamra-web-01/locations/nam5/triggers/postsocialqueuetobuffer-232383","triggerRegion":"nam5","eventType":"google.cloud.firestore.document.v1.created","eventFilters":[{"attribute":"database","value":"(default)"},{"attribute":"namespace","value":"(default)"},{"attribute":"document","value":"social_queue/{queueId}","operator":"match-path-pattern"}],"serviceAccountEmail":"871356823310-compute@developer.gserviceaccount.com","retryPolicy":"RETRY_POLICY_DO_NOT_RETRY"},"labels":{"deployment-tool":"cli-firebase","firebase-functions-hash":"04ea4a0f6d75bacd0acaef406ea34f465151f85f"},"environment":"GEN_2"},"stages":[{"name":"BUILD","message":"Build in progress","state":"IN_PROGRESS","resource":"projects/871356823310/locations/asia-south1/builds/d015195e-65cf-44cc-b17a-6c3089aa5bc3","resourceUri":"https://console.cloud.google.com/cloud-build/builds;region=asia-south1/d015195e-65cf-44cc-b17a-6c3089aa5bc3?project=871356823310"},{"name":"SERVICE","state":"NOT_STARTED"},{"name":"TRIGGER","state":"NOT_STARTED"}],"operationType":"CREATE_FUNCTION","buildName":"projects/871356823310/locations/asia-south1/builds/d015195e-65cf-44cc-b17a-6c3089aa5bc3"},"done":false}
[debug] [2026-04-16T23:35:21.111Z] [create-default-asia-south1-postSocialQueueToBuffer] Retrying task index 0
[debug] [2026-04-16T23:35:21.113Z] Checked if tokens are valid: true, expires at: 1776385618951
[debug] [2026-04-16T23:35:21.114Z] Checked if tokens are valid: true, expires at: 1776385618951
[debug] [2026-04-16T23:35:21.114Z] >>> [apiv2][query] GET https://cloudfunctions.googleapis.com/v2/projects/zamra-web-01/locations/asia-south1/operations/operation-1776382490731-64f9c475863f7-37f0f24d-a3c4ad02 [none]
[debug] [2026-04-16T23:35:21.648Z] <<< [apiv2][status] GET https://cloudfunctions.googleapis.com/v2/projects/zamra-web-01/locations/asia-south1/operations/operation-1776382490731-64f9c475863f7-37f0f24d-a3c4ad02 200
[debug] [2026-04-16T23:35:21.648Z] <<< [apiv2][body] GET https://cloudfunctions.googleapis.com/v2/projects/zamra-web-01/locations/asia-south1/operations/operation-1776382490731-64f9c475863f7-37f0f24d-a3c4ad02 {"name":"projects/zamra-web-01/locations/asia-south1/operations/operation-1776382490731-64f9c475863f7-37f0f24d-a3c4ad02","metadata":{"@type":"type.googleapis.com/google.cloud.functions.v2.OperationMetadata","createTime":"2026-04-16T23:34:53.124836854Z","target":"projects/zamra-web-01/locations/asia-south1/functions/postSocialQueueToBuffer","verb":"create","cancelRequested":false,"apiVersion":"v2","requestResource":{"@type":"type.googleapis.com/google.cloud.functions.v2.Function","name":"projects/zamra-web-01/locations/asia-south1/functions/postSocialQueueToBuffer","buildConfig":{"runtime":"nodejs22","entryPoint":"postSocialQueueToBuffer","source":{"storageSource":{"bucket":"gcf-v2-sources-871356823310-asia-south1","object":"postSocialQueueToBuffer/function-source.zip","generation":"1776382490949877"}},"environmentVariables":{"GOOGLE_NODE_RUN_SCRIPTS":""},"serviceAccount":"projects/zamra-web-01/serviceAccounts/871356823310-compute@developer.gserviceaccount.com","automaticUpdatePolicy":{}},"serviceConfig":{"service":"projects/zamra-web-01/locations/asia-south1/services/postsocialqueuetobuffer","timeoutSeconds":60,"environmentVariables":{"FIREBASE_CONFIG":"{\"projectId\":\"zamra-web-01\",\"storageBucket\":\"zamra-web-01.firebasestorage.app\"}","GCLOUD_PROJECT":"zamra-web-01","EVENTARC_CLOUD_EVENT_SOURCE":"projects/zamra-web-01/locations/asia-south1/services/postSocialQueueToBuffer","FUNCTION_SIGNATURE_TYPE":"cloudevent","FUNCTION_TARGET":"postSocialQueueToBuffer","LOG_EXECUTION_ID":"true"},"ingressSettings":"ALLOW_ALL","serviceAccountEmail":"871356823310-compute@developer.gserviceaccount.com","availableMemory":"256Mi","secretEnvironmentVariables":[{"key":"BUFFER_API_KEY","projectId":"zamra-web-01","secret":"BUFFER_API_KEY","version":"1"}],"maxInstanceRequestConcurrency":80,"availableCpu":"1"},"eventTrigger":{"trigger":"projects/zamra-web-01/locations/nam5/triggers/postsocialqueuetobuffer-232383","triggerRegion":"nam5","eventType":"google.cloud.firestore.document.v1.created","eventFilters":[{"attribute":"database","value":"(default)"},{"attribute":"namespace","value":"(default)"},{"attribute":"document","value":"social_queue/{queueId}","operator":"match-path-pattern"}],"serviceAccountEmail":"871356823310-compute@developer.gserviceaccount.com","retryPolicy":"RETRY_POLICY_DO_NOT_RETRY"},"labels":{"deployment-tool":"cli-firebase","firebase-functions-hash":"04ea4a0f6d75bacd0acaef406ea34f465151f85f"},"environment":"GEN_2"},"stages":[{"name":"BUILD","message":"Build in progress","state":"IN_PROGRESS","resource":"projects/871356823310/locations/asia-south1/builds/d015195e-65cf-44cc-b17a-6c3089aa5bc3","resourceUri":"https://console.cloud.google.com/cloud-build/builds;region=asia-south1/d015195e-65cf-44cc-b17a-6c3089aa5bc3?project=871356823310"},{"name":"SERVICE","state":"NOT_STARTED"},{"name":"TRIGGER","state":"NOT_STARTED"}],"operationType":"CREATE_FUNCTION","buildName":"projects/871356823310/locations/asia-south1/builds/d015195e-65cf-44cc-b17a-6c3089aa5bc3"},"done":false}
[debug] [2026-04-16T23:35:31.650Z] [create-default-asia-south1-postSocialQueueToBuffer] Retrying task index 0
[debug] [2026-04-16T23:35:31.652Z] Checked if tokens are valid: true, expires at: 1776385618951
[debug] [2026-04-16T23:35:31.652Z] Checked if tokens are valid: true, expires at: 1776385618951
[debug] [2026-04-16T23:35:31.652Z] >>> [apiv2][query] GET https://cloudfunctions.googleapis.com/v2/projects/zamra-web-01/locations/asia-south1/operations/operation-1776382490731-64f9c475863f7-37f0f24d-a3c4ad02 [none]
[debug] [2026-04-16T23:35:32.123Z] <<< [apiv2][status] GET https://cloudfunctions.googleapis.com/v2/projects/zamra-web-01/locations/asia-south1/operations/operation-1776382490731-64f9c475863f7-37f0f24d-a3c4ad02 200
[debug] [2026-04-16T23:35:32.123Z] <<< [apiv2][body] GET https://cloudfunctions.googleapis.com/v2/projects/zamra-web-01/locations/asia-south1/operations/operation-1776382490731-64f9c475863f7-37f0f24d-a3c4ad02 {"name":"projects/zamra-web-01/locations/asia-south1/operations/operation-1776382490731-64f9c475863f7-37f0f24d-a3c4ad02","metadata":{"@type":"type.googleapis.com/google.cloud.functions.v2.OperationMetadata","createTime":"2026-04-16T23:34:53.124836854Z","target":"projects/zamra-web-01/locations/asia-south1/functions/postSocialQueueToBuffer","verb":"create","cancelRequested":false,"apiVersion":"v2","requestResource":{"@type":"type.googleapis.com/google.cloud.functions.v2.Function","name":"projects/zamra-web-01/locations/asia-south1/functions/postSocialQueueToBuffer","buildConfig":{"runtime":"nodejs22","entryPoint":"postSocialQueueToBuffer","source":{"storageSource":{"bucket":"gcf-v2-sources-871356823310-asia-south1","object":"postSocialQueueToBuffer/function-source.zip","generation":"1776382490949877"}},"environmentVariables":{"GOOGLE_NODE_RUN_SCRIPTS":""},"serviceAccount":"projects/zamra-web-01/serviceAccounts/871356823310-compute@developer.gserviceaccount.com","automaticUpdatePolicy":{}},"serviceConfig":{"service":"projects/zamra-web-01/locations/asia-south1/services/postsocialqueuetobuffer","timeoutSeconds":60,"environmentVariables":{"FIREBASE_CONFIG":"{\"projectId\":\"zamra-web-01\",\"storageBucket\":\"zamra-web-01.firebasestorage.app\"}","GCLOUD_PROJECT":"zamra-web-01","EVENTARC_CLOUD_EVENT_SOURCE":"projects/zamra-web-01/locations/asia-south1/services/postSocialQueueToBuffer","FUNCTION_SIGNATURE_TYPE":"cloudevent","FUNCTION_TARGET":"postSocialQueueToBuffer","LOG_EXECUTION_ID":"true"},"ingressSettings":"ALLOW_ALL","serviceAccountEmail":"871356823310-compute@developer.gserviceaccount.com","availableMemory":"256Mi","secretEnvironmentVariables":[{"key":"BUFFER_API_KEY","projectId":"zamra-web-01","secret":"BUFFER_API_KEY","version":"1"}],"maxInstanceRequestConcurrency":80,"availableCpu":"1"},"eventTrigger":{"trigger":"projects/zamra-web-01/locations/nam5/triggers/postsocialqueuetobuffer-232383","triggerRegion":"nam5","eventType":"google.cloud.firestore.document.v1.created","eventFilters":[{"attribute":"database","value":"(default)"},{"attribute":"namespace","value":"(default)"},{"attribute":"document","value":"social_queue/{queueId}","operator":"match-path-pattern"}],"serviceAccountEmail":"871356823310-compute@developer.gserviceaccount.com","retryPolicy":"RETRY_POLICY_DO_NOT_RETRY"},"labels":{"deployment-tool":"cli-firebase","firebase-functions-hash":"04ea4a0f6d75bacd0acaef406ea34f465151f85f"},"environment":"GEN_2"},"stages":[{"name":"BUILD","message":"Build in progress","state":"IN_PROGRESS","resource":"projects/871356823310/locations/asia-south1/builds/d015195e-65cf-44cc-b17a-6c3089aa5bc3","resourceUri":"https://console.cloud.google.com/cloud-build/builds;region=asia-south1/d015195e-65cf-44cc-b17a-6c3089aa5bc3?project=871356823310"},{"name":"SERVICE","state":"NOT_STARTED"},{"name":"TRIGGER","state":"NOT_STARTED"}],"operationType":"CREATE_FUNCTION","buildName":"projects/871356823310/locations/asia-south1/builds/d015195e-65cf-44cc-b17a-6c3089aa5bc3"},"done":false}
[debug] [2026-04-16T23:35:42.125Z] [create-default-asia-south1-postSocialQueueToBuffer] Retrying task index 0
[debug] [2026-04-16T23:35:42.127Z] Checked if tokens are valid: true, expires at: 1776385618951
[debug] [2026-04-16T23:35:42.127Z] Checked if tokens are valid: true, expires at: 1776385618951
[debug] [2026-04-16T23:35:42.128Z] >>> [apiv2][query] GET https://cloudfunctions.googleapis.com/v2/projects/zamra-web-01/locations/asia-south1/operations/operation-1776382490731-64f9c475863f7-37f0f24d-a3c4ad02 [none]
[debug] [2026-04-16T23:35:42.666Z] <<< [apiv2][status] GET https://cloudfunctions.googleapis.com/v2/projects/zamra-web-01/locations/asia-south1/operations/operation-1776382490731-64f9c475863f7-37f0f24d-a3c4ad02 200
[debug] [2026-04-16T23:35:42.666Z] <<< [apiv2][body] GET https://cloudfunctions.googleapis.com/v2/projects/zamra-web-01/locations/asia-south1/operations/operation-1776382490731-64f9c475863f7-37f0f24d-a3c4ad02 {"name":"projects/zamra-web-01/locations/asia-south1/operations/operation-1776382490731-64f9c475863f7-37f0f24d-a3c4ad02","metadata":{"@type":"type.googleapis.com/google.cloud.functions.v2.OperationMetadata","createTime":"2026-04-16T23:34:53.124836854Z","target":"projects/zamra-web-01/locations/asia-south1/functions/postSocialQueueToBuffer","verb":"create","cancelRequested":false,"apiVersion":"v2","requestResource":{"@type":"type.googleapis.com/google.cloud.functions.v2.Function","name":"projects/zamra-web-01/locations/asia-south1/functions/postSocialQueueToBuffer","buildConfig":{"runtime":"nodejs22","entryPoint":"postSocialQueueToBuffer","source":{"storageSource":{"bucket":"gcf-v2-sources-871356823310-asia-south1","object":"postSocialQueueToBuffer/function-source.zip","generation":"1776382490949877"}},"environmentVariables":{"GOOGLE_NODE_RUN_SCRIPTS":""},"serviceAccount":"projects/zamra-web-01/serviceAccounts/871356823310-compute@developer.gserviceaccount.com","automaticUpdatePolicy":{}},"serviceConfig":{"service":"projects/zamra-web-01/locations/asia-south1/services/postsocialqueuetobuffer","timeoutSeconds":60,"environmentVariables":{"FIREBASE_CONFIG":"{\"projectId\":\"zamra-web-01\",\"storageBucket\":\"zamra-web-01.firebasestorage.app\"}","GCLOUD_PROJECT":"zamra-web-01","EVENTARC_CLOUD_EVENT_SOURCE":"projects/zamra-web-01/locations/asia-south1/services/postSocialQueueToBuffer","FUNCTION_SIGNATURE_TYPE":"cloudevent","FUNCTION_TARGET":"postSocialQueueToBuffer","LOG_EXECUTION_ID":"true"},"ingressSettings":"ALLOW_ALL","serviceAccountEmail":"871356823310-compute@developer.gserviceaccount.com","availableMemory":"256Mi","secretEnvironmentVariables":[{"key":"BUFFER_API_KEY","projectId":"zamra-web-01","secret":"BUFFER_API_KEY","version":"1"}],"maxInstanceRequestConcurrency":80,"availableCpu":"1"},"eventTrigger":{"trigger":"projects/zamra-web-01/locations/nam5/triggers/postsocialqueuetobuffer-232383","triggerRegion":"nam5","eventType":"google.cloud.firestore.document.v1.created","eventFilters":[{"attribute":"database","value":"(default)"},{"attribute":"namespace","value":"(default)"},{"attribute":"document","value":"social_queue/{queueId}","operator":"match-path-pattern"}],"serviceAccountEmail":"871356823310-compute@developer.gserviceaccount.com","retryPolicy":"RETRY_POLICY_DO_NOT_RETRY"},"labels":{"deployment-tool":"cli-firebase","firebase-functions-hash":"04ea4a0f6d75bacd0acaef406ea34f465151f85f"},"environment":"GEN_2"},"stages":[{"name":"BUILD","message":"Build finished","state":"COMPLETE","resource":"projects/871356823310/locations/asia-south1/builds/d015195e-65cf-44cc-b17a-6c3089aa5bc3","resourceUri":"https://console.cloud.google.com/cloud-build/builds;region=asia-south1/d015195e-65cf-44cc-b17a-6c3089aa5bc3?project=871356823310"},{"name":"SERVICE","state":"NOT_STARTED"},{"name":"TRIGGER","state":"NOT_STARTED"}],"sourceToken":"Cldwcm9qZWN0cy84NzEzNTY4MjMzMTAvbG9jYXRpb25zL2FzaWEtc291dGgxL2J1aWxkcy9kMDE1MTk1ZS02NWNmLTQ0Y2MtYjE3YS02YzMwODlhYTViYzMSeWFzaWEtc291dGgxLWRvY2tlci5wa2cuZGV2L3phbXJhLXdlYi0wMS9nY2YtYXJ0aWZhY3RzL3phbXJhLS13ZWItLTAxX19hc2lhLS1zb3V0aDFfX3Bvc3Rfc29jaWFsX3F1ZXVlX3RvX2J1ZmZlcjp2ZXJzaW9uXzEYju6nh64ZIk1wcm9qZWN0cy96YW1yYS13ZWItMDEvbG9jYXRpb25zL2FzaWEtc291dGgxL2Z1bmN0aW9ucy9wb3N0U29jaWFsUXVldWVUb0J1ZmZlcioMCM7khc8GEMiLu5oCMghub2RlanMyMjp2CiNnY3IuaW8vZ2FlLXJ1bnRpbWVzL25vZGVqczIyOnN0YWJsZRJPYXNpYS1zb3V0aDEtZG9ja2VyLnBrZy5kZXYvc2VydmVybGVzcy1ydW50aW1lcy9nb29nbGUtMjItZnVsbC9ydW50aW1lcy9ub2RlanMyMkAB","operationType":"CREATE_FUNCTION","buildName":"projects/871356823310/locations/asia-south1/builds/d015195e-65cf-44cc-b17a-6c3089aa5bc3"},"done":false}
[debug] [2026-04-16T23:35:42.666Z] Got source token Cldwcm9qZWN0cy84NzEzNTY4MjMzMTAvbG9jYXRpb25zL2FzaWEtc291dGgxL2J1aWxkcy9kMDE1MTk1ZS02NWNmLTQ0Y2MtYjE3YS02YzMwODlhYTViYzMSeWFzaWEtc291dGgxLWRvY2tlci5wa2cuZGV2L3phbXJhLXdlYi0wMS9nY2YtYXJ0aWZhY3RzL3phbXJhLS13ZWItLTAxX19hc2lhLS1zb3V0aDFfX3Bvc3Rfc29jaWFsX3F1ZXVlX3RvX2J1ZmZlcjp2ZXJzaW9uXzEYju6nh64ZIk1wcm9qZWN0cy96YW1yYS13ZWItMDEvbG9jYXRpb25zL2FzaWEtc291dGgxL2Z1bmN0aW9ucy9wb3N0U29jaWFsUXVldWVUb0J1ZmZlcioMCM7khc8GEMiLu5oCMghub2RlanMyMjp2CiNnY3IuaW8vZ2FlLXJ1bnRpbWVzL25vZGVqczIyOnN0YWJsZRJPYXNpYS1zb3V0aDEtZG9ja2VyLnBrZy5kZXYvc2VydmVybGVzcy1ydW50aW1lcy9nb29nbGUtMjItZnVsbC9ydW50aW1lcy9ub2RlanMyMkAB for region asia-south1
[debug] [2026-04-16T23:35:52.668Z] [create-default-asia-south1-postSocialQueueToBuffer] Retrying task index 0
[debug] [2026-04-16T23:35:52.670Z] Checked if tokens are valid: true, expires at: 1776385618951
[debug] [2026-04-16T23:35:52.671Z] Checked if tokens are valid: true, expires at: 1776385618951
[debug] [2026-04-16T23:35:52.671Z] >>> [apiv2][query] GET https://cloudfunctions.googleapis.com/v2/projects/zamra-web-01/locations/asia-south1/operations/operation-1776382490731-64f9c475863f7-37f0f24d-a3c4ad02 [none]
[debug] [2026-04-16T23:35:53.216Z] <<< [apiv2][status] GET https://cloudfunctions.googleapis.com/v2/projects/zamra-web-01/locations/asia-south1/operations/operation-1776382490731-64f9c475863f7-37f0f24d-a3c4ad02 200
[debug] [2026-04-16T23:35:53.216Z] <<< [apiv2][body] GET https://cloudfunctions.googleapis.com/v2/projects/zamra-web-01/locations/asia-south1/operations/operation-1776382490731-64f9c475863f7-37f0f24d-a3c4ad02 {"name":"projects/zamra-web-01/locations/asia-south1/operations/operation-1776382490731-64f9c475863f7-37f0f24d-a3c4ad02","metadata":{"@type":"type.googleapis.com/google.cloud.functions.v2.OperationMetadata","createTime":"2026-04-16T23:34:53.124836854Z","target":"projects/zamra-web-01/locations/asia-south1/functions/postSocialQueueToBuffer","verb":"create","cancelRequested":false,"apiVersion":"v2","requestResource":{"@type":"type.googleapis.com/google.cloud.functions.v2.Function","name":"projects/zamra-web-01/locations/asia-south1/functions/postSocialQueueToBuffer","buildConfig":{"runtime":"nodejs22","entryPoint":"postSocialQueueToBuffer","source":{"storageSource":{"bucket":"gcf-v2-sources-871356823310-asia-south1","object":"postSocialQueueToBuffer/function-source.zip","generation":"1776382490949877"}},"environmentVariables":{"GOOGLE_NODE_RUN_SCRIPTS":""},"serviceAccount":"projects/zamra-web-01/serviceAccounts/871356823310-compute@developer.gserviceaccount.com","automaticUpdatePolicy":{}},"serviceConfig":{"service":"projects/zamra-web-01/locations/asia-south1/services/postsocialqueuetobuffer","timeoutSeconds":60,"environmentVariables":{"FIREBASE_CONFIG":"{\"projectId\":\"zamra-web-01\",\"storageBucket\":\"zamra-web-01.firebasestorage.app\"}","GCLOUD_PROJECT":"zamra-web-01","EVENTARC_CLOUD_EVENT_SOURCE":"projects/zamra-web-01/locations/asia-south1/services/postSocialQueueToBuffer","FUNCTION_SIGNATURE_TYPE":"cloudevent","FUNCTION_TARGET":"postSocialQueueToBuffer","LOG_EXECUTION_ID":"true"},"ingressSettings":"ALLOW_ALL","serviceAccountEmail":"871356823310-compute@developer.gserviceaccount.com","availableMemory":"256Mi","secretEnvironmentVariables":[{"key":"BUFFER_API_KEY","projectId":"zamra-web-01","secret":"BUFFER_API_KEY","version":"1"}],"maxInstanceRequestConcurrency":80,"availableCpu":"1"},"eventTrigger":{"trigger":"projects/zamra-web-01/locations/nam5/triggers/postsocialqueuetobuffer-232383","triggerRegion":"nam5","eventType":"google.cloud.firestore.document.v1.created","eventFilters":[{"attribute":"database","value":"(default)"},{"attribute":"namespace","value":"(default)"},{"attribute":"document","value":"social_queue/{queueId}","operator":"match-path-pattern"}],"serviceAccountEmail":"871356823310-compute@developer.gserviceaccount.com","retryPolicy":"RETRY_POLICY_DO_NOT_RETRY"},"labels":{"deployment-tool":"cli-firebase","firebase-functions-hash":"04ea4a0f6d75bacd0acaef406ea34f465151f85f"},"environment":"GEN_2"},"stages":[{"name":"BUILD","message":"Build finished","state":"COMPLETE","resource":"projects/871356823310/locations/asia-south1/builds/d015195e-65cf-44cc-b17a-6c3089aa5bc3","resourceUri":"https://console.cloud.google.com/cloud-build/builds;region=asia-south1/d015195e-65cf-44cc-b17a-6c3089aa5bc3?project=871356823310"},{"name":"SERVICE","message":"Creating Cloud Run service","state":"COMPLETE","resource":"projects/zamra-web-01/locations/asia-south1/services/postsocialqueuetobuffer","resourceUri":"https://console.cloud.google.com/run/detail/asia-south1/postsocialqueuetobuffer?project=zamra-web-01"},{"name":"TRIGGER","state":"NOT_STARTED"}],"sourceToken":"Cldwcm9qZWN0cy84NzEzNTY4MjMzMTAvbG9jYXRpb25zL2FzaWEtc291dGgxL2J1aWxkcy9kMDE1MTk1ZS02NWNmLTQ0Y2MtYjE3YS02YzMwODlhYTViYzMSeWFzaWEtc291dGgxLWRvY2tlci5wa2cuZGV2L3phbXJhLXdlYi0wMS9nY2YtYXJ0aWZhY3RzL3phbXJhLS13ZWItLTAxX19hc2lhLS1zb3V0aDFfX3Bvc3Rfc29jaWFsX3F1ZXVlX3RvX2J1ZmZlcjp2ZXJzaW9uXzEYju6nh64ZIk1wcm9qZWN0cy96YW1yYS13ZWItMDEvbG9jYXRpb25zL2FzaWEtc291dGgxL2Z1bmN0aW9ucy9wb3N0U29jaWFsUXVldWVUb0J1ZmZlcioMCM7khc8GEMiLu5oCMghub2RlanMyMjp2CiNnY3IuaW8vZ2FlLXJ1bnRpbWVzL25vZGVqczIyOnN0YWJsZRJPYXNpYS1zb3V0aDEtZG9ja2VyLnBrZy5kZXYvc2VydmVybGVzcy1ydW50aW1lcy9nb29nbGUtMjItZnVsbC9ydW50aW1lcy9ub2RlanMyMkAB","operationType":"CREATE_FUNCTION","buildName":"projects/871356823310/locations/asia-south1/builds/d015195e-65cf-44cc-b17a-6c3089aa5bc3"},"done":false}
[debug] [2026-04-16T23:35:53.216Z] Got source token Cldwcm9qZWN0cy84NzEzNTY4MjMzMTAvbG9jYXRpb25zL2FzaWEtc291dGgxL2J1aWxkcy9kMDE1MTk1ZS02NWNmLTQ0Y2MtYjE3YS02YzMwODlhYTViYzMSeWFzaWEtc291dGgxLWRvY2tlci5wa2cuZGV2L3phbXJhLXdlYi0wMS9nY2YtYXJ0aWZhY3RzL3phbXJhLS13ZWItLTAxX19hc2lhLS1zb3V0aDFfX3Bvc3Rfc29jaWFsX3F1ZXVlX3RvX2J1ZmZlcjp2ZXJzaW9uXzEYju6nh64ZIk1wcm9qZWN0cy96YW1yYS13ZWItMDEvbG9jYXRpb25zL2FzaWEtc291dGgxL2Z1bmN0aW9ucy9wb3N0U29jaWFsUXVldWVUb0J1ZmZlcioMCM7khc8GEMiLu5oCMghub2RlanMyMjp2CiNnY3IuaW8vZ2FlLXJ1bnRpbWVzL25vZGVqczIyOnN0YWJsZRJPYXNpYS1zb3V0aDEtZG9ja2VyLnBrZy5kZXYvc2VydmVybGVzcy1ydW50aW1lcy9nb29nbGUtMjItZnVsbC9ydW50aW1lcy9ub2RlanMyMkAB for region asia-south1
[debug] [2026-04-16T23:36:03.219Z] [create-default-asia-south1-postSocialQueueToBuffer] Retrying task index 0
[debug] [2026-04-16T23:36:03.219Z] Checked if tokens are valid: true, expires at: 1776385618951
[debug] [2026-04-16T23:36:03.219Z] Checked if tokens are valid: true, expires at: 1776385618951
[debug] [2026-04-16T23:36:03.219Z] >>> [apiv2][query] GET https://cloudfunctions.googleapis.com/v2/projects/zamra-web-01/locations/asia-south1/operations/operation-1776382490731-64f9c475863f7-37f0f24d-a3c4ad02 [none]
[debug] [2026-04-16T23:36:03.837Z] <<< [apiv2][status] GET https://cloudfunctions.googleapis.com/v2/projects/zamra-web-01/locations/asia-south1/operations/operation-1776382490731-64f9c475863f7-37f0f24d-a3c4ad02 200
[debug] [2026-04-16T23:36:03.837Z] <<< [apiv2][body] GET https://cloudfunctions.googleapis.com/v2/projects/zamra-web-01/locations/asia-south1/operations/operation-1776382490731-64f9c475863f7-37f0f24d-a3c4ad02 {"name":"projects/zamra-web-01/locations/asia-south1/operations/operation-1776382490731-64f9c475863f7-37f0f24d-a3c4ad02","metadata":{"@type":"type.googleapis.com/google.cloud.functions.v2.OperationMetadata","createTime":"2026-04-16T23:34:53.124836854Z","target":"projects/zamra-web-01/locations/asia-south1/functions/postSocialQueueToBuffer","verb":"create","cancelRequested":false,"apiVersion":"v2","requestResource":{"@type":"type.googleapis.com/google.cloud.functions.v2.Function","name":"projects/zamra-web-01/locations/asia-south1/functions/postSocialQueueToBuffer","buildConfig":{"runtime":"nodejs22","entryPoint":"postSocialQueueToBuffer","source":{"storageSource":{"bucket":"gcf-v2-sources-871356823310-asia-south1","object":"postSocialQueueToBuffer/function-source.zip","generation":"1776382490949877"}},"environmentVariables":{"GOOGLE_NODE_RUN_SCRIPTS":""},"serviceAccount":"projects/zamra-web-01/serviceAccounts/871356823310-compute@developer.gserviceaccount.com","automaticUpdatePolicy":{}},"serviceConfig":{"service":"projects/zamra-web-01/locations/asia-south1/services/postsocialqueuetobuffer","timeoutSeconds":60,"environmentVariables":{"FIREBASE_CONFIG":"{\"projectId\":\"zamra-web-01\",\"storageBucket\":\"zamra-web-01.firebasestorage.app\"}","GCLOUD_PROJECT":"zamra-web-01","EVENTARC_CLOUD_EVENT_SOURCE":"projects/zamra-web-01/locations/asia-south1/services/postSocialQueueToBuffer","FUNCTION_SIGNATURE_TYPE":"cloudevent","FUNCTION_TARGET":"postSocialQueueToBuffer","LOG_EXECUTION_ID":"true"},"ingressSettings":"ALLOW_ALL","serviceAccountEmail":"871356823310-compute@developer.gserviceaccount.com","availableMemory":"256Mi","secretEnvironmentVariables":[{"key":"BUFFER_API_KEY","projectId":"zamra-web-01","secret":"BUFFER_API_KEY","version":"1"}],"maxInstanceRequestConcurrency":80,"availableCpu":"1"},"eventTrigger":{"trigger":"projects/zamra-web-01/locations/nam5/triggers/postsocialqueuetobuffer-232383","triggerRegion":"nam5","eventType":"google.cloud.firestore.document.v1.created","eventFilters":[{"attribute":"database","value":"(default)"},{"attribute":"namespace","value":"(default)"},{"attribute":"document","value":"social_queue/{queueId}","operator":"match-path-pattern"}],"serviceAccountEmail":"871356823310-compute@developer.gserviceaccount.com","retryPolicy":"RETRY_POLICY_DO_NOT_RETRY"},"labels":{"deployment-tool":"cli-firebase","firebase-functions-hash":"04ea4a0f6d75bacd0acaef406ea34f465151f85f"},"environment":"GEN_2"},"stages":[{"name":"BUILD","message":"Build finished","state":"COMPLETE","resource":"projects/871356823310/locations/asia-south1/builds/d015195e-65cf-44cc-b17a-6c3089aa5bc3","resourceUri":"https://console.cloud.google.com/cloud-build/builds;region=asia-south1/d015195e-65cf-44cc-b17a-6c3089aa5bc3?project=871356823310"},{"name":"SERVICE","message":"Creating Cloud Run service","state":"COMPLETE","resource":"projects/zamra-web-01/locations/asia-south1/services/postsocialqueuetobuffer","resourceUri":"https://console.cloud.google.com/run/detail/asia-south1/postsocialqueuetobuffer?project=zamra-web-01"},{"name":"TRIGGER","message":"Creating Eventarc trigger","state":"IN_PROGRESS","resource":"projects/zamra-web-01/locations/nam5/triggers/postsocialqueuetobuffer-232383"}],"sourceToken":"Cldwcm9qZWN0cy84NzEzNTY4MjMzMTAvbG9jYXRpb25zL2FzaWEtc291dGgxL2J1aWxkcy9kMDE1MTk1ZS02NWNmLTQ0Y2MtYjE3YS02YzMwODlhYTViYzMSeWFzaWEtc291dGgxLWRvY2tlci5wa2cuZGV2L3phbXJhLXdlYi0wMS9nY2YtYXJ0aWZhY3RzL3phbXJhLS13ZWItLTAxX19hc2lhLS1zb3V0aDFfX3Bvc3Rfc29jaWFsX3F1ZXVlX3RvX2J1ZmZlcjp2ZXJzaW9uXzEYju6nh64ZIk1wcm9qZWN0cy96YW1yYS13ZWItMDEvbG9jYXRpb25zL2FzaWEtc291dGgxL2Z1bmN0aW9ucy9wb3N0U29jaWFsUXVldWVUb0J1ZmZlcioMCM7khc8GEMiLu5oCMghub2RlanMyMjp2CiNnY3IuaW8vZ2FlLXJ1bnRpbWVzL25vZGVqczIyOnN0YWJsZRJPYXNpYS1zb3V0aDEtZG9ja2VyLnBrZy5kZXYvc2VydmVybGVzcy1ydW50aW1lcy9nb29nbGUtMjItZnVsbC9ydW50aW1lcy9ub2RlanMyMkAB","operationType":"CREATE_FUNCTION","buildName":"projects/871356823310/locations/asia-south1/builds/d015195e-65cf-44cc-b17a-6c3089aa5bc3"},"done":false}
[debug] [2026-04-16T23:36:03.837Z] Got source token Cldwcm9qZWN0cy84NzEzNTY4MjMzMTAvbG9jYXRpb25zL2FzaWEtc291dGgxL2J1aWxkcy9kMDE1MTk1ZS02NWNmLTQ0Y2MtYjE3YS02YzMwODlhYTViYzMSeWFzaWEtc291dGgxLWRvY2tlci5wa2cuZGV2L3phbXJhLXdlYi0wMS9nY2YtYXJ0aWZhY3RzL3phbXJhLS13ZWItLTAxX19hc2lhLS1zb3V0aDFfX3Bvc3Rfc29jaWFsX3F1ZXVlX3RvX2J1ZmZlcjp2ZXJzaW9uXzEYju6nh64ZIk1wcm9qZWN0cy96YW1yYS13ZWItMDEvbG9jYXRpb25zL2FzaWEtc291dGgxL2Z1bmN0aW9ucy9wb3N0U29jaWFsUXVldWVUb0J1ZmZlcioMCM7khc8GEMiLu5oCMghub2RlanMyMjp2CiNnY3IuaW8vZ2FlLXJ1bnRpbWVzL25vZGVqczIyOnN0YWJsZRJPYXNpYS1zb3V0aDEtZG9ja2VyLnBrZy5kZXYvc2VydmVybGVzcy1ydW50aW1lcy9nb29nbGUtMjItZnVsbC9ydW50aW1lcy9ub2RlanMyMkAB for region asia-south1
[debug] [2026-04-16T23:36:13.839Z] [create-default-asia-south1-postSocialQueueToBuffer] Retrying task index 0
[debug] [2026-04-16T23:36:13.840Z] Checked if tokens are valid: true, expires at: 1776385618951
[debug] [2026-04-16T23:36:13.840Z] Checked if tokens are valid: true, expires at: 1776385618951
[debug] [2026-04-16T23:36:13.840Z] >>> [apiv2][query] GET https://cloudfunctions.googleapis.com/v2/projects/zamra-web-01/locations/asia-south1/operations/operation-1776382490731-64f9c475863f7-37f0f24d-a3c4ad02 [none]
[debug] [2026-04-16T23:36:14.384Z] <<< [apiv2][status] GET https://cloudfunctions.googleapis.com/v2/projects/zamra-web-01/locations/asia-south1/operations/operation-1776382490731-64f9c475863f7-37f0f24d-a3c4ad02 200
[debug] [2026-04-16T23:36:14.384Z] <<< [apiv2][body] GET https://cloudfunctions.googleapis.com/v2/projects/zamra-web-01/locations/asia-south1/operations/operation-1776382490731-64f9c475863f7-37f0f24d-a3c4ad02 {"name":"projects/zamra-web-01/locations/asia-south1/operations/operation-1776382490731-64f9c475863f7-37f0f24d-a3c4ad02","metadata":{"@type":"type.googleapis.com/google.cloud.functions.v2.OperationMetadata","createTime":"2026-04-16T23:34:53.124836854Z","endTime":"2026-04-16T23:36:04.349279427Z","target":"projects/zamra-web-01/locations/asia-south1/functions/postSocialQueueToBuffer","verb":"create","cancelRequested":false,"apiVersion":"v2","requestResource":{"@type":"type.googleapis.com/google.cloud.functions.v2.Function","name":"projects/zamra-web-01/locations/asia-south1/functions/postSocialQueueToBuffer","buildConfig":{"runtime":"nodejs22","entryPoint":"postSocialQueueToBuffer","source":{"storageSource":{"bucket":"gcf-v2-sources-871356823310-asia-south1","object":"postSocialQueueToBuffer/function-source.zip","generation":"1776382490949877"}},"environmentVariables":{"GOOGLE_NODE_RUN_SCRIPTS":""},"serviceAccount":"projects/zamra-web-01/serviceAccounts/871356823310-compute@developer.gserviceaccount.com","automaticUpdatePolicy":{}},"serviceConfig":{"service":"projects/zamra-web-01/locations/asia-south1/services/postsocialqueuetobuffer","timeoutSeconds":60,"environmentVariables":{"FIREBASE_CONFIG":"{\"projectId\":\"zamra-web-01\",\"storageBucket\":\"zamra-web-01.firebasestorage.app\"}","GCLOUD_PROJECT":"zamra-web-01","EVENTARC_CLOUD_EVENT_SOURCE":"projects/zamra-web-01/locations/asia-south1/services/postSocialQueueToBuffer","FUNCTION_SIGNATURE_TYPE":"cloudevent","FUNCTION_TARGET":"postSocialQueueToBuffer","LOG_EXECUTION_ID":"true"},"ingressSettings":"ALLOW_ALL","serviceAccountEmail":"871356823310-compute@developer.gserviceaccount.com","availableMemory":"256Mi","secretEnvironmentVariables":[{"key":"BUFFER_API_KEY","projectId":"zamra-web-01","secret":"BUFFER_API_KEY","version":"1"}],"maxInstanceRequestConcurrency":80,"availableCpu":"1"},"eventTrigger":{"trigger":"projects/zamra-web-01/locations/nam5/triggers/postsocialqueuetobuffer-232383","triggerRegion":"nam5","eventType":"google.cloud.firestore.document.v1.created","eventFilters":[{"attribute":"database","value":"(default)"},{"attribute":"namespace","value":"(default)"},{"attribute":"document","value":"social_queue/{queueId}","operator":"match-path-pattern"}],"serviceAccountEmail":"871356823310-compute@developer.gserviceaccount.com","retryPolicy":"RETRY_POLICY_DO_NOT_RETRY"},"labels":{"deployment-tool":"cli-firebase","firebase-functions-hash":"04ea4a0f6d75bacd0acaef406ea34f465151f85f"},"environment":"GEN_2"},"stages":[{"name":"BUILD","message":"Build finished","state":"COMPLETE","resource":"projects/871356823310/locations/asia-south1/builds/d015195e-65cf-44cc-b17a-6c3089aa5bc3","resourceUri":"https://console.cloud.google.com/cloud-build/builds;region=asia-south1/d015195e-65cf-44cc-b17a-6c3089aa5bc3?project=871356823310"},{"name":"SERVICE","message":"Creating Cloud Run service","state":"COMPLETE","resource":"projects/zamra-web-01/locations/asia-south1/services/postsocialqueuetobuffer","resourceUri":"https://console.cloud.google.com/run/detail/asia-south1/postsocialqueuetobuffer?project=zamra-web-01"},{"name":"TRIGGER","message":"Creating Eventarc trigger","state":"COMPLETE","resource":"projects/zamra-web-01/locations/nam5/triggers/postsocialqueuetobuffer-232383"}],"sourceToken":"Cldwcm9qZWN0cy84NzEzNTY4MjMzMTAvbG9jYXRpb25zL2FzaWEtc291dGgxL2J1aWxkcy9kMDE1MTk1ZS02NWNmLTQ0Y2MtYjE3YS02YzMwODlhYTViYzMSeWFzaWEtc291dGgxLWRvY2tlci5wa2cuZGV2L3phbXJhLXdlYi0wMS9nY2YtYXJ0aWZhY3RzL3phbXJhLS13ZWItLTAxX19hc2lhLS1zb3V0aDFfX3Bvc3Rfc29jaWFsX3F1ZXVlX3RvX2J1ZmZlcjp2ZXJzaW9uXzEYju6nh64ZIk1wcm9qZWN0cy96YW1yYS13ZWItMDEvbG9jYXRpb25zL2FzaWEtc291dGgxL2Z1bmN0aW9ucy9wb3N0U29jaWFsUXVldWVUb0J1ZmZlcioMCM7khc8GEMiLu5oCMghub2RlanMyMjp2CiNnY3IuaW8vZ2FlLXJ1bnRpbWVzL25vZGVqczIyOnN0YWJsZRJPYXNpYS1zb3V0aDEtZG9ja2VyLnBrZy5kZXYvc2VydmVybGVzcy1ydW50aW1lcy9nb29nbGUtMjItZnVsbC9ydW50aW1lcy9ub2RlanMyMkAB","operationType":"CREATE_FUNCTION","buildName":"projects/871356823310/locations/asia-south1/builds/d015195e-65cf-44cc-b17a-6c3089aa5bc3"},"done":true,"response":{"@type":"type.googleapis.com/google.cloud.functions.v2.Function","name":"projects/zamra-web-01/locations/asia-south1/functions/postSocialQueueToBuffer","buildConfig":{"build":"projects/871356823310/locations/asia-south1/builds/d015195e-65cf-44cc-b17a-6c3089aa5bc3","runtime":"nodejs22","entryPoint":"postSocialQueueToBuffer","source":{"storageSource":{"bucket":"gcf-v2-sources-871356823310-asia-south1","object":"postSocialQueueToBuffer/function-source.zip","generation":"1776382490949877"}},"environmentVariables":{"GOOGLE_NODE_RUN_SCRIPTS":""},"dockerRepository":"projects/zamra-web-01/locations/asia-south1/repositories/gcf-artifacts","sourceProvenance":{"resolvedStorageSource":{"bucket":"gcf-v2-sources-871356823310-asia-south1","object":"postSocialQueueToBuffer/function-source.zip","generation":"1776382490949877"}},"dockerRegistry":"ARTIFACT_REGISTRY","serviceAccount":"projects/zamra-web-01/serviceAccounts/871356823310-compute@developer.gserviceaccount.com","automaticUpdatePolicy":{}},"serviceConfig":{"service":"projects/zamra-web-01/locations/asia-south1/services/postsocialqueuetobuffer","timeoutSeconds":60,"environmentVariables":{"FIREBASE_CONFIG":"{\"projectId\":\"zamra-web-01\",\"storageBucket\":\"zamra-web-01.firebasestorage.app\"}","GCLOUD_PROJECT":"zamra-web-01","EVENTARC_CLOUD_EVENT_SOURCE":"projects/zamra-web-01/locations/asia-south1/services/postSocialQueueToBuffer","FUNCTION_SIGNATURE_TYPE":"cloudevent","FUNCTION_TARGET":"postSocialQueueToBuffer","LOG_EXECUTION_ID":"true"},"ingressSettings":"ALLOW_ALL","uri":"https://postsocialqueuetobuffer-rker2mifna-el.a.run.app","serviceAccountEmail":"871356823310-compute@developer.gserviceaccount.com","availableMemory":"256Mi","allTrafficOnLatestRevision":true,"secretEnvironmentVariables":[{"key":"BUFFER_API_KEY","projectId":"zamra-web-01","secret":"BUFFER_API_KEY","version":"1"}],"revision":"postsocialqueuetobuffer-00001-vis","maxInstanceRequestConcurrency":80,"availableCpu":"1"},"eventTrigger":{"trigger":"projects/zamra-web-01/locations/nam5/triggers/postsocialqueuetobuffer-232383","triggerRegion":"nam5","eventType":"google.cloud.firestore.document.v1.created","eventFilters":[{"attribute":"document","value":"social_queue/{queueId}","operator":"match-path-pattern"},{"attribute":"database","value":"(default)"},{"attribute":"namespace","value":"(default)"}],"pubsubTopic":"projects/zamra-web-01/topics/eventarc-nam5-postsocialqueuetobuffer-232383-887","serviceAccountEmail":"871356823310-compute@developer.gserviceaccount.com","retryPolicy":"RETRY_POLICY_DO_NOT_RETRY"},"state":"ACTIVE","updateTime":"2026-04-16T23:34:53.118404406Z","labels":{"deployment-tool":"cli-firebase","firebase-functions-hash":"04ea4a0f6d75bacd0acaef406ea34f465151f85f"},"environment":"GEN_2","url":"https://asia-south1-zamra-web-01.cloudfunctions.net/postSocialQueueToBuffer","satisfiesPzs":true,"createTime":"2026-04-16T23:34:53.118404406Z","satisfiesPzi":true}}
[debug] [2026-04-16T23:36:14.384Z] Got source token Cldwcm9qZWN0cy84NzEzNTY4MjMzMTAvbG9jYXRpb25zL2FzaWEtc291dGgxL2J1aWxkcy9kMDE1MTk1ZS02NWNmLTQ0Y2MtYjE3YS02YzMwODlhYTViYzMSeWFzaWEtc291dGgxLWRvY2tlci5wa2cuZGV2L3phbXJhLXdlYi0wMS9nY2YtYXJ0aWZhY3RzL3phbXJhLS13ZWItLTAxX19hc2lhLS1zb3V0aDFfX3Bvc3Rfc29jaWFsX3F1ZXVlX3RvX2J1ZmZlcjp2ZXJzaW9uXzEYju6nh64ZIk1wcm9qZWN0cy96YW1yYS13ZWItMDEvbG9jYXRpb25zL2FzaWEtc291dGgxL2Z1bmN0aW9ucy9wb3N0U29jaWFsUXVldWVUb0J1ZmZlcioMCM7khc8GEMiLu5oCMghub2RlanMyMjp2CiNnY3IuaW8vZ2FlLXJ1bnRpbWVzL25vZGVqczIyOnN0YWJsZRJPYXNpYS1zb3V0aDEtZG9ja2VyLnBrZy5kZXYvc2VydmVybGVzcy1ydW50aW1lcy9nb29nbGUtMjItZnVsbC9ydW50aW1lcy9ub2RlanMyMkAB for region asia-south1
[info] ✔  functions[postSocialQueueToBuffer(asia-south1)] Successful create operation. 
[debug] [2026-04-16T23:36:14.404Z] Total Function Deployment time: 84427
[debug] [2026-04-16T23:36:14.404Z] 1 Functions Deployed
[debug] [2026-04-16T23:36:14.404Z] 0 Functions Errored
[debug] [2026-04-16T23:36:14.404Z] 0 Function Deployments Aborted
[debug] [2026-04-16T23:36:14.404Z] Average Function Deployment time: 84425
[debug] [2026-04-16T23:36:14.509Z] Not printing URL for HTTPS function. Typically this means it didn't match a filter or we failed deployment
[debug] [2026-04-16T23:36:14.509Z] Not printing URL for HTTPS function. Typically this means it didn't match a filter or we failed deployment
[debug] [2026-04-16T23:36:14.510Z] Not printing URL for HTTPS function. Typically this means it didn't match a filter or we failed deployment
[debug] [2026-04-16T23:36:14.511Z] Checked if tokens are valid: true, expires at: 1776385618951
[debug] [2026-04-16T23:36:14.511Z] Checked if tokens are valid: true, expires at: 1776385618951
[debug] [2026-04-16T23:36:14.511Z] >>> [apiv2][query] GET https://artifactregistry.googleapis.com/v1/projects/zamra-web-01/locations/asia-south1/repositories/gcf-artifacts [none]
[debug] [2026-04-16T23:36:15.100Z] <<< [apiv2][status] GET https://artifactregistry.googleapis.com/v1/projects/zamra-web-01/locations/asia-south1/repositories/gcf-artifacts 200
[debug] [2026-04-16T23:36:15.100Z] <<< [apiv2][body] GET https://artifactregistry.googleapis.com/v1/projects/zamra-web-01/locations/asia-south1/repositories/gcf-artifacts {"name":"projects/zamra-web-01/locations/asia-south1/repositories/gcf-artifacts","format":"DOCKER","description":"This repository is created and used by Cloud Functions for storing function docker images.","labels":{"goog-managed-by":"cloudfunctions"},"createTime":"2026-03-16T06:42:36.497620Z","updateTime":"2026-04-16T23:35:40.906772Z","mode":"STANDARD_REPOSITORY","cleanupPolicies":{"firebase-functions-cleanup":{"id":"firebase-functions-cleanup","action":"DELETE","condition":{"tagState":"ANY","olderThan":"86400s"}}},"sizeBytes":"101552191","satisfiesPzs":true,"vulnerabilityScanningConfig":{"lastEnableTime":"2026-03-16T06:42:20.238041301Z","enablementState":"SCANNING_DISABLED","enablementStateReason":"API containerscanning.googleapis.com is not enabled."},"satisfiesPzi":true,"registryUri":"asia-south1-docker.pkg.dev/zamra-web-01/gcf-artifacts"}
[info] 
[info] ✔  Deploy complete! 
[info] 
[info] Project Console: https://console.firebase.google.com/project/zamra-web-01/overview
