[debug] [2026-04-16T23:28:31.687Z] ----------------------------------------------------------------------
[debug] [2026-04-16T23:28:31.688Z] Command:       /usr/local/bin/node /usr/local/bin/firebase deploy --only functions:syncBufferChannels,functions:postSocialQueueToBuffer --project zamra-web-01 --non-interactive
[debug] [2026-04-16T23:28:31.689Z] CLI Version:   15.15.0
[debug] [2026-04-16T23:28:31.689Z] Platform:      darwin
[debug] [2026-04-16T23:28:31.689Z] Node Version:  v24.13.0
[debug] [2026-04-16T23:28:31.689Z] Time:          Fri Apr 17 2026 06:28:31 GMT+0700 (Indochina Time)
[debug] [2026-04-16T23:28:31.689Z] ----------------------------------------------------------------------
[debug] 
[debug] [2026-04-16T23:28:32.630Z] > command requires scopes: ["email","openid","https://www.googleapis.com/auth/cloudplatformprojects.readonly","https://www.googleapis.com/auth/firebase","https://www.googleapis.com/auth/cloud-platform"]
[debug] [2026-04-16T23:28:32.630Z] > authorizing via signed-in user (jobslive49@gmail.com)
[debug] [2026-04-16T23:28:32.630Z] [iam] checking project zamra-web-01 for permissions ["cloudfunctions.functions.create","cloudfunctions.functions.delete","cloudfunctions.functions.get","cloudfunctions.functions.list","cloudfunctions.functions.update","cloudfunctions.operations.get","firebase.projects.get"]
[debug] [2026-04-16T23:28:32.631Z] Checked if tokens are valid: true, expires at: 1776385618951
[debug] [2026-04-16T23:28:32.631Z] Checked if tokens are valid: true, expires at: 1776385618951
[debug] [2026-04-16T23:28:32.631Z] >>> [apiv2][query] POST https://cloudresourcemanager.googleapis.com/v1/projects/zamra-web-01:testIamPermissions [none]
[debug] [2026-04-16T23:28:32.631Z] >>> [apiv2][(partial)header] POST https://cloudresourcemanager.googleapis.com/v1/projects/zamra-web-01:testIamPermissions  x-goog-user-project=zamra-web-01
[debug] [2026-04-16T23:28:32.631Z] >>> [apiv2][body] POST https://cloudresourcemanager.googleapis.com/v1/projects/zamra-web-01:testIamPermissions {"permissions":["cloudfunctions.functions.create","cloudfunctions.functions.delete","cloudfunctions.functions.get","cloudfunctions.functions.list","cloudfunctions.functions.update","cloudfunctions.operations.get","firebase.projects.get"]}
[debug] [2026-04-16T23:28:33.830Z] <<< [apiv2][status] POST https://cloudresourcemanager.googleapis.com/v1/projects/zamra-web-01:testIamPermissions 200
[debug] [2026-04-16T23:28:33.830Z] <<< [apiv2][body] POST https://cloudresourcemanager.googleapis.com/v1/projects/zamra-web-01:testIamPermissions {"permissions":["cloudfunctions.functions.create","cloudfunctions.functions.delete","cloudfunctions.functions.get","cloudfunctions.functions.list","cloudfunctions.functions.update","cloudfunctions.operations.get","firebase.projects.get"]}
[debug] [2026-04-16T23:28:33.831Z] Checked if tokens are valid: true, expires at: 1776385618951
[debug] [2026-04-16T23:28:33.831Z] Checked if tokens are valid: true, expires at: 1776385618951
[debug] [2026-04-16T23:28:33.831Z] >>> [apiv2][query] POST https://iam.googleapis.com/v1/projects/zamra-web-01/serviceAccounts/zamra-web-01@appspot.gserviceaccount.com:testIamPermissions [none]
[debug] [2026-04-16T23:28:33.831Z] >>> [apiv2][body] POST https://iam.googleapis.com/v1/projects/zamra-web-01/serviceAccounts/zamra-web-01@appspot.gserviceaccount.com:testIamPermissions {"permissions":["iam.serviceAccounts.actAs"]}
[debug] [2026-04-16T23:28:35.433Z] <<< [apiv2][status] POST https://iam.googleapis.com/v1/projects/zamra-web-01/serviceAccounts/zamra-web-01@appspot.gserviceaccount.com:testIamPermissions 200
[debug] [2026-04-16T23:28:35.433Z] <<< [apiv2][body] POST https://iam.googleapis.com/v1/projects/zamra-web-01/serviceAccounts/zamra-web-01@appspot.gserviceaccount.com:testIamPermissions {"permissions":["iam.serviceAccounts.actAs"]}
[info] 
[info] === Deploying to 'zamra-web-01'...
[info] 
[info] i  deploying functions 
[debug] [2026-04-16T23:28:35.438Z] Checked if tokens are valid: true, expires at: 1776385618951
[debug] [2026-04-16T23:28:35.438Z] Checked if tokens are valid: true, expires at: 1776385618951
[debug] [2026-04-16T23:28:35.438Z] >>> [apiv2][query] GET https://cloudresourcemanager.googleapis.com/v1/projects/zamra-web-01 [none]
[debug] [2026-04-16T23:28:35.740Z] <<< [apiv2][status] GET https://cloudresourcemanager.googleapis.com/v1/projects/zamra-web-01 200
[debug] [2026-04-16T23:28:35.740Z] <<< [apiv2][body] GET https://cloudresourcemanager.googleapis.com/v1/projects/zamra-web-01 {"projectNumber":"871356823310","projectId":"zamra-web-01","lifecycleState":"ACTIVE","name":"Zamra-Web","labels":{"firebase":"enabled","firebase-core":"disabled"},"createTime":"2026-03-13T15:59:34.319366Z"}
[info] i  functions: preparing codebase default for deployment 
[info] i  functions: ensuring required API cloudfunctions.googleapis.com is enabled... 
[info] i  functions: ensuring required API cloudbuild.googleapis.com is enabled... 
[info] i  artifactregistry: ensuring required API artifactregistry.googleapis.com is enabled... 
[debug] [2026-04-16T23:28:35.743Z] Checked if tokens are valid: true, expires at: 1776385618951
[debug] [2026-04-16T23:28:35.743Z] Checked if tokens are valid: true, expires at: 1776385618951
[debug] [2026-04-16T23:28:35.743Z] >>> [apiv2][query] GET https://firebase.googleapis.com/v1beta1/projects/zamra-web-01/adminSdkConfig [none]
[debug] [2026-04-16T23:28:36.764Z] <<< [apiv2][status] GET https://firebase.googleapis.com/v1beta1/projects/zamra-web-01/adminSdkConfig 200
[debug] [2026-04-16T23:28:36.764Z] <<< [apiv2][body] GET https://firebase.googleapis.com/v1beta1/projects/zamra-web-01/adminSdkConfig {"projectId":"zamra-web-01","storageBucket":"zamra-web-01.firebasestorage.app"}
[debug] [2026-04-16T23:28:36.764Z] Checked if tokens are valid: true, expires at: 1776385618951
[debug] [2026-04-16T23:28:36.765Z] Checked if tokens are valid: true, expires at: 1776385618951
[debug] [2026-04-16T23:28:36.765Z] >>> [apiv2][query] GET https://runtimeconfig.googleapis.com/v1beta1/projects/zamra-web-01/configs [none]
[debug] [2026-04-16T23:28:37.238Z] <<< [apiv2][status] GET https://runtimeconfig.googleapis.com/v1beta1/projects/zamra-web-01/configs 200
[debug] [2026-04-16T23:28:37.238Z] <<< [apiv2][body] GET https://runtimeconfig.googleapis.com/v1beta1/projects/zamra-web-01/configs {}
[debug] [2026-04-16T23:28:37.241Z] Validating nodejs source
[warn] ⚠  functions: package.json indicates an outdated version of firebase-functions. Please upgrade using npm install --save firebase-functions@latest in your functions directory. 
[warn] ⚠  functions: Please note that there will be breaking changes when you upgrade. 
[debug] [2026-04-16T23:28:38.077Z] > [functions] package.json contents: {
  "name": "zamra-functions",
  "description": "Firebase Cloud Functions for Zamra Travels admin dashboard",
  "scripts": {
    "lint": "eslint .",
    "serve": "firebase emulators:start --only functions",
    "shell": "firebase functions:shell",
    "start": "npm run shell",
    "deploy": "firebase deploy --only functions",
    "logs": "firebase functions:log"
  },
  "engines": {
    "node": "22"
  },
  "main": "index.js",
  "dependencies": {
    "firebase-admin": "^12.0.0",
    "firebase-functions": "^4.9.0"
  },
  "devDependencies": {
    "eslint": "^8.15.0",
    "eslint-config-google": "^0.14.0"
  },
  "private": true
}
[debug] [2026-04-16T23:28:38.077Z] Building nodejs source
[info] i  functions: Loading and analyzing source code for codebase default to determine what to deploy 
[info] i  functions: You are using a version of firebase-functions SDK (4.9.0) that does not have support for the newest Firebase Extensions features. Please update firebase-functions SDK to >=5.1.0 to use them correctly 
[debug] [2026-04-16T23:28:38.077Z] Could not find functions.yaml. Must use http discovery
[debug] [2026-04-16T23:28:38.083Z] Found firebase-functions binary at '/Users/hafisfox/Desktop/Zamra/zamra_web/zamra/functions/node_modules/.bin/firebase-functions'
[info] Serving at port 8278

[debug] [2026-04-16T23:28:38.665Z] Got response from /__/functions.yaml {"endpoints":{"bulkDeleteFares":{"availableMemoryMb":null,"timeoutSeconds":null,"minInstances":null,"maxInstances":null,"ingressSettings":null,"concurrency":null,"serviceAccountEmail":null,"vpc":null,"platform":"gcfv2","region":["asia-south1"],"labels":{},"callableTrigger":{},"entryPoint":"bulkDeleteFares"},"bulkToggleAgentVisibility":{"availableMemoryMb":null,"timeoutSeconds":null,"minInstances":null,"maxInstances":null,"ingressSettings":null,"concurrency":null,"serviceAccountEmail":null,"vpc":null,"platform":"gcfv2","region":["asia-south1"],"labels":{},"callableTrigger":{},"entryPoint":"bulkToggleAgentVisibility"},"bulkToggleSectorVisibility":{"availableMemoryMb":null,"timeoutSeconds":null,"minInstances":null,"maxInstances":null,"ingressSettings":null,"concurrency":null,"serviceAccountEmail":null,"vpc":null,"platform":"gcfv2","region":["asia-south1"],"labels":{},"callableTrigger":{},"entryPoint":"bulkToggleSectorVisibility"},"bulkSyncAgentCommission":{"availableMemoryMb":null,"timeoutSeconds":null,"minInstances":null,"maxInstances":null,"ingressSettings":null,"concurrency":null,"serviceAccountEmail":null,"vpc":null,"platform":"gcfv2","region":["asia-south1"],"labels":{},"callableTrigger":{},"entryPoint":"bulkSyncAgentCommission"},"generateAgentReport":{"availableMemoryMb":null,"timeoutSeconds":null,"minInstances":null,"maxInstances":null,"ingressSettings":null,"concurrency":null,"serviceAccountEmail":null,"vpc":null,"platform":"gcfv2","region":["asia-south1"],"labels":{},"callableTrigger":{},"entryPoint":"generateAgentReport"},"ingestFaresFromN8n":{"availableMemoryMb":null,"timeoutSeconds":null,"minInstances":null,"maxInstances":null,"ingressSettings":null,"concurrency":null,"serviceAccountEmail":null,"vpc":null,"platform":"gcfv2","region":["asia-south1"],"labels":{},"httpsTrigger":{},"entryPoint":"ingestFaresFromN8n"},"getSocialQueue":{"availableMemoryMb":null,"timeoutSeconds":null,"minInstances":null,"maxInstances":null,"ingressSettings":null,"concurrency":null,"serviceAccountEmail":null,"vpc":null,"platform":"gcfv2","region":["asia-south1"],"labels":{},"httpsTrigger":{},"entryPoint":"getSocialQueue"},"markSocialPosted":{"availableMemoryMb":null,"timeoutSeconds":null,"minInstances":null,"maxInstances":null,"ingressSettings":null,"concurrency":null,"serviceAccountEmail":null,"vpc":null,"platform":"gcfv2","region":["asia-south1"],"labels":{},"httpsTrigger":{},"entryPoint":"markSocialPosted"},"purgeOldFaresDaily":{"availableMemoryMb":null,"timeoutSeconds":null,"minInstances":null,"maxInstances":null,"ingressSettings":null,"concurrency":null,"serviceAccountEmail":null,"vpc":null,"platform":"gcfv2","region":["asia-south1"],"labels":{},"scheduleTrigger":{"schedule":"every day 00:15","retryConfig":{},"timeZone":"UTC"},"entryPoint":"purgeOldFaresDaily"},"syncBufferChannels":{"availableMemoryMb":null,"timeoutSeconds":null,"minInstances":null,"maxInstances":null,"ingressSettings":null,"concurrency":null,"serviceAccountEmail":null,"vpc":null,"platform":"gcfv2","region":["asia-south1"],"secretEnvironmentVariables":[{"key":"BUFFER_API_KEY"}],"labels":{},"callableTrigger":{},"entryPoint":"syncBufferChannels"},"postSocialQueueToBuffer":{"availableMemoryMb":null,"timeoutSeconds":null,"minInstances":null,"maxInstances":null,"ingressSettings":null,"concurrency":null,"serviceAccountEmail":null,"vpc":null,"platform":"gcfv2","region":["asia-south1"],"secretEnvironmentVariables":[{"key":"BUFFER_API_KEY"}],"labels":{},"eventTrigger":{"eventType":"google.cloud.firestore.document.v1.created","eventFilters":{"database":"(default)","namespace":"(default)"},"eventFilterPathPatterns":{"document":"social_queue/{queueId}"},"retry":false},"entryPoint":"postSocialQueueToBuffer"}},"specVersion":"v1alpha1","requiredAPIs":[{"api":"cloudscheduler.googleapis.com","reason":"Needed for scheduled functions."}],"params":[{"type":"secret","name":"BUFFER_API_KEY"}]}
[debug] [2026-04-16T23:28:42.687Z] Checked if tokens are valid: true, expires at: 1776385618951
[debug] [2026-04-16T23:28:42.687Z] Checked if tokens are valid: true, expires at: 1776385618951
[debug] [2026-04-16T23:28:42.688Z] >>> [apiv2][query] GET https://secretmanager.googleapis.com/v1/projects/zamra-web-01/secrets/BUFFER_API_KEY [none]
[debug] [2026-04-16T23:28:43.118Z] <<< [apiv2][status] GET https://secretmanager.googleapis.com/v1/projects/zamra-web-01/secrets/BUFFER_API_KEY 200
[debug] [2026-04-16T23:28:43.118Z] <<< [apiv2][body] GET https://secretmanager.googleapis.com/v1/projects/zamra-web-01/secrets/BUFFER_API_KEY {"name":"projects/871356823310/secrets/BUFFER_API_KEY","replication":{"automatic":{}},"createTime":"2026-04-16T23:28:11.883460Z","labels":{"firebase-managed":"functions"},"etag":"\"164f9c2fc27947\""}
[debug] [2026-04-16T23:28:43.119Z] Checked if tokens are valid: true, expires at: 1776385618951
[debug] [2026-04-16T23:28:43.119Z] Checked if tokens are valid: true, expires at: 1776385618951
[debug] [2026-04-16T23:28:43.119Z] >>> [apiv2][query] GET https://secretmanager.googleapis.com/v1/projects/zamra-web-01/secrets/BUFFER_API_KEY/versions/latest [none]
[debug] [2026-04-16T23:28:43.727Z] <<< [apiv2][status] GET https://secretmanager.googleapis.com/v1/projects/zamra-web-01/secrets/BUFFER_API_KEY/versions/latest 200
[debug] [2026-04-16T23:28:43.728Z] <<< [apiv2][body] GET https://secretmanager.googleapis.com/v1/projects/zamra-web-01/secrets/BUFFER_API_KEY/versions/latest {"name":"projects/871356823310/secrets/BUFFER_API_KEY/versions/1","createTime":"2026-04-16T23:28:20.291243Z","state":"ENABLED","replicationStatus":{"automatic":{}},"etag":"\"164f9c3012beab\""}
[info] i  functions: preparing functions directory for uploading... 
[info] i  functions: packaged /Users/hafisfox/Desktop/Zamra/zamra_web/zamra/functions (52.38 KB) for uploading 
[debug] [2026-04-16T23:28:43.769Z] Checked if tokens are valid: true, expires at: 1776385618951
[debug] [2026-04-16T23:28:43.769Z] Checked if tokens are valid: true, expires at: 1776385618951
[debug] [2026-04-16T23:28:43.769Z] >>> [apiv2][query] GET https://cloudfunctions.googleapis.com/v1/projects/zamra-web-01/locations/-/functions [none]
[debug] [2026-04-16T23:28:44.738Z] <<< [apiv2][status] GET https://cloudfunctions.googleapis.com/v1/projects/zamra-web-01/locations/-/functions 200
[debug] [2026-04-16T23:28:44.738Z] <<< [apiv2][body] GET https://cloudfunctions.googleapis.com/v1/projects/zamra-web-01/locations/-/functions {}
[debug] [2026-04-16T23:28:44.740Z] Checked if tokens are valid: true, expires at: 1776385618951
[debug] [2026-04-16T23:28:44.740Z] Checked if tokens are valid: true, expires at: 1776385618951
[debug] [2026-04-16T23:28:44.740Z] >>> [apiv2][query] GET https://cloudfunctions.googleapis.com/v2/projects/zamra-web-01/locations/-/functions filter=environment%3D%22GEN_2%22
[debug] [2026-04-16T23:28:46.600Z] <<< [apiv2][status] GET https://cloudfunctions.googleapis.com/v2/projects/zamra-web-01/locations/-/functions 200
[debug] [2026-04-16T23:28:46.601Z] <<< [apiv2][body] GET https://cloudfunctions.googleapis.com/v2/projects/zamra-web-01/locations/-/functions {"functions":[{"name":"projects/zamra-web-01/locations/asia-south1/functions/bulkToggleSectorVisibility","buildConfig":{"build":"projects/871356823310/locations/asia-south1/builds/31034664-319c-416b-ac85-6e42dac9aee1","runtime":"nodejs22","entryPoint":"bulkToggleSectorVisibility","source":{"storageSource":{"bucket":"gcf-v2-sources-871356823310-asia-south1","object":"bulkToggleSectorVisibility/function-source.zip","generation":"1773863892413179"}},"environmentVariables":{"GOOGLE_NODE_RUN_SCRIPTS":""},"dockerRepository":"projects/zamra-web-01/locations/asia-south1/repositories/gcf-artifacts","sourceProvenance":{"resolvedStorageSource":{"bucket":"gcf-v2-sources-871356823310-asia-south1","object":"bulkToggleSectorVisibility/function-source.zip","generation":"1773863892413179"}},"dockerRegistry":"ARTIFACT_REGISTRY","serviceAccount":"projects/zamra-web-01/serviceAccounts/871356823310-compute@developer.gserviceaccount.com","automaticUpdatePolicy":{}},"serviceConfig":{"service":"projects/zamra-web-01/locations/asia-south1/services/bulktogglesectorvisibility","timeoutSeconds":60,"environmentVariables":{"FIREBASE_CONFIG":"{\"projectId\":\"zamra-web-01\",\"storageBucket\":\"zamra-web-01.firebasestorage.app\"}","GCLOUD_PROJECT":"zamra-web-01","EVENTARC_CLOUD_EVENT_SOURCE":"projects/zamra-web-01/locations/asia-south1/services/bulkToggleSectorVisibility","FUNCTION_TARGET":"bulkToggleSectorVisibility","LOG_EXECUTION_ID":"true","FUNCTION_SIGNATURE_TYPE":"http"},"maxInstanceCount":3,"ingressSettings":"ALLOW_ALL","uri":"https://bulktogglesectorvisibility-rker2mifna-el.a.run.app","serviceAccountEmail":"871356823310-compute@developer.gserviceaccount.com","availableMemory":"256Mi","allTrafficOnLatestRevision":true,"revision":"bulktogglesectorvisibility-00004-mer","maxInstanceRequestConcurrency":80,"availableCpu":"1"},"state":"ACTIVE","updateTime":"2026-03-18T19:58:20.186333175Z","labels":{"firebase-functions-hash":"14c59228e3b91d5160b522adee802faa82f92711","deployment-tool":"cli-firebase","deployment-callable":"true"},"environment":"GEN_2","url":"https://asia-south1-zamra-web-01.cloudfunctions.net/bulkToggleSectorVisibility","satisfiesPzs":true,"createTime":"2026-03-16T06:43:33.365635630Z","satisfiesPzi":true},{"name":"projects/zamra-web-01/locations/asia-south1/functions/bulkDeleteFares","buildConfig":{"build":"projects/871356823310/locations/asia-south1/builds/31034664-319c-416b-ac85-6e42dac9aee1","runtime":"nodejs22","entryPoint":"bulkDeleteFares","source":{"storageSource":{"bucket":"gcf-v2-sources-871356823310-asia-south1","object":"bulkDeleteFares/function-source.zip","generation":"1773863891475168"}},"environmentVariables":{"GOOGLE_NODE_RUN_SCRIPTS":""},"dockerRepository":"projects/zamra-web-01/locations/asia-south1/repositories/gcf-artifacts","sourceProvenance":{"resolvedStorageSource":{"bucket":"gcf-v2-sources-871356823310-asia-south1","object":"bulkDeleteFares/function-source.zip","generation":"1773863891475168"}},"dockerRegistry":"ARTIFACT_REGISTRY","serviceAccount":"projects/zamra-web-01/serviceAccounts/871356823310-compute@developer.gserviceaccount.com","automaticUpdatePolicy":{}},"serviceConfig":{"service":"projects/zamra-web-01/locations/asia-south1/services/bulkdeletefares","timeoutSeconds":60,"environmentVariables":{"FIREBASE_CONFIG":"{\"projectId\":\"zamra-web-01\",\"storageBucket\":\"zamra-web-01.firebasestorage.app\"}","GCLOUD_PROJECT":"zamra-web-01","EVENTARC_CLOUD_EVENT_SOURCE":"projects/zamra-web-01/locations/asia-south1/services/bulkDeleteFares","FUNCTION_TARGET":"bulkDeleteFares","LOG_EXECUTION_ID":"true","FUNCTION_SIGNATURE_TYPE":"http"},"maxInstanceCount":3,"ingressSettings":"ALLOW_ALL","uri":"https://bulkdeletefares-rker2mifna-el.a.run.app","serviceAccountEmail":"871356823310-compute@developer.gserviceaccount.com","availableMemory":"256Mi","allTrafficOnLatestRevision":true,"revision":"bulkdeletefares-00004-muy","maxInstanceRequestConcurrency":80,"availableCpu":"1"},"state":"ACTIVE","updateTime":"2026-03-18T19:58:19.859168695Z","labels":{"deployment-tool":"cli-firebase","deployment-callable":"true","firebase-functions-hash":"14c59228e3b91d5160b522adee802faa82f92711"},"environment":"GEN_2","url":"https://asia-south1-zamra-web-01.cloudfunctions.net/bulkDeleteFares","satisfiesPzs":true,"createTime":"2026-03-16T06:42:20.052321113Z","satisfiesPzi":true},{"name":"projects/zamra-web-01/locations/asia-south1/functions/bulkSyncAgentCommission","buildConfig":{"build":"projects/871356823310/locations/asia-south1/builds/31034664-319c-416b-ac85-6e42dac9aee1","runtime":"nodejs22","entryPoint":"bulkSyncAgentCommission","source":{"storageSource":{"bucket":"gcf-v2-sources-871356823310-asia-south1","object":"bulkSyncAgentCommission/function-source.zip","generation":"1773863892179733"}},"environmentVariables":{"GOOGLE_NODE_RUN_SCRIPTS":""},"dockerRepository":"projects/zamra-web-01/locations/asia-south1/repositories/gcf-artifacts","sourceProvenance":{"resolvedStorageSource":{"bucket":"gcf-v2-sources-871356823310-asia-south1","object":"bulkSyncAgentCommission/function-source.zip","generation":"1773863892179733"}},"dockerRegistry":"ARTIFACT_REGISTRY","serviceAccount":"projects/zamra-web-01/serviceAccounts/871356823310-compute@developer.gserviceaccount.com","automaticUpdatePolicy":{}},"serviceConfig":{"service":"projects/zamra-web-01/locations/asia-south1/services/bulksyncagentcommission","timeoutSeconds":60,"environmentVariables":{"FIREBASE_CONFIG":"{\"projectId\":\"zamra-web-01\",\"storageBucket\":\"zamra-web-01.firebasestorage.app\"}","GCLOUD_PROJECT":"zamra-web-01","EVENTARC_CLOUD_EVENT_SOURCE":"projects/zamra-web-01/locations/asia-south1/services/bulkSyncAgentCommission","FUNCTION_TARGET":"bulkSyncAgentCommission","LOG_EXECUTION_ID":"true","FUNCTION_SIGNATURE_TYPE":"http"},"maxInstanceCount":3,"ingressSettings":"ALLOW_ALL","uri":"https://bulksyncagentcommission-rker2mifna-el.a.run.app","serviceAccountEmail":"871356823310-compute@developer.gserviceaccount.com","availableMemory":"256Mi","allTrafficOnLatestRevision":true,"revision":"bulksyncagentcommission-00002-xuk","maxInstanceRequestConcurrency":80,"availableCpu":"1"},"state":"ACTIVE","updateTime":"2026-03-18T19:58:20.394772403Z","labels":{"deployment-tool":"cli-firebase","deployment-callable":"true","firebase-functions-hash":"14c59228e3b91d5160b522adee802faa82f92711"},"environment":"GEN_2","url":"https://asia-south1-zamra-web-01.cloudfunctions.net/bulkSyncAgentCommission","satisfiesPzs":true,"createTime":"2026-03-18T19:44:40.219981081Z","satisfiesPzi":true},{"name":"projects/zamra-web-01/locations/asia-south1/functions/ingestFaresFromN8n","buildConfig":{"build":"projects/871356823310/locations/asia-south1/builds/31034664-319c-416b-ac85-6e42dac9aee1","runtime":"nodejs22","entryPoint":"ingestFaresFromN8n","source":{"storageSource":{"bucket":"gcf-v2-sources-871356823310-asia-south1","object":"ingestFaresFromN8n/function-source.zip","generation":"1773863891939079"}},"environmentVariables":{"GOOGLE_NODE_RUN_SCRIPTS":""},"dockerRepository":"projects/zamra-web-01/locations/asia-south1/repositories/gcf-artifacts","sourceProvenance":{"resolvedStorageSource":{"bucket":"gcf-v2-sources-871356823310-asia-south1","object":"ingestFaresFromN8n/function-source.zip","generation":"1773863891939079"}},"dockerRegistry":"ARTIFACT_REGISTRY","serviceAccount":"projects/zamra-web-01/serviceAccounts/871356823310-compute@developer.gserviceaccount.com","automaticUpdatePolicy":{}},"serviceConfig":{"service":"projects/zamra-web-01/locations/asia-south1/services/ingestfaresfromn8n","timeoutSeconds":60,"environmentVariables":{"FIREBASE_CONFIG":"{\"projectId\":\"zamra-web-01\",\"storageBucket\":\"zamra-web-01.firebasestorage.app\"}","GCLOUD_PROJECT":"zamra-web-01","EVENTARC_CLOUD_EVENT_SOURCE":"projects/zamra-web-01/locations/asia-south1/services/ingestFaresFromN8n","FUNCTION_TARGET":"ingestFaresFromN8n","LOG_EXECUTION_ID":"true","FUNCTION_SIGNATURE_TYPE":"http"},"maxInstanceCount":3,"ingressSettings":"ALLOW_ALL","uri":"https://ingestfaresfromn8n-rker2mifna-el.a.run.app","serviceAccountEmail":"871356823310-compute@developer.gserviceaccount.com","availableMemory":"256Mi","allTrafficOnLatestRevision":true,"revision":"ingestfaresfromn8n-00004-xed","maxInstanceRequestConcurrency":80,"availableCpu":"1"},"state":"ACTIVE","updateTime":"2026-03-18T19:58:20.665467074Z","labels":{"deployment-tool":"cli-firebase","firebase-functions-hash":"14c59228e3b91d5160b522adee802faa82f92711"},"environment":"GEN_2","url":"https://asia-south1-zamra-web-01.cloudfunctions.net/ingestFaresFromN8n","satisfiesPzs":true,"createTime":"2026-03-16T06:43:33.434341295Z","satisfiesPzi":true},{"name":"projects/zamra-web-01/locations/asia-south1/functions/purgeOldFaresDaily","buildConfig":{"build":"projects/871356823310/locations/asia-south1/builds/31034664-319c-416b-ac85-6e42dac9aee1","runtime":"nodejs22","entryPoint":"purgeOldFaresDaily","source":{"storageSource":{"bucket":"gcf-v2-sources-871356823310-asia-south1","object":"purgeOldFaresDaily/function-source.zip","generation":"1773863828974393"}},"environmentVariables":{"GOOGLE_NODE_RUN_SCRIPTS":""},"dockerRepository":"projects/zamra-web-01/locations/asia-south1/repositories/gcf-artifacts","sourceProvenance":{"resolvedStorageSource":{"bucket":"gcf-v2-sources-871356823310-asia-south1","object":"purgeOldFaresDaily/function-source.zip","generation":"1773863828974393"}},"dockerRegistry":"ARTIFACT_REGISTRY","serviceAccount":"projects/zamra-web-01/serviceAccounts/871356823310-compute@developer.gserviceaccount.com","automaticUpdatePolicy":{}},"serviceConfig":{"service":"projects/zamra-web-01/locations/asia-south1/services/purgeoldfaresdaily","timeoutSeconds":60,"environmentVariables":{"FIREBASE_CONFIG":"{\"projectId\":\"zamra-web-01\",\"storageBucket\":\"zamra-web-01.firebasestorage.app\"}","GCLOUD_PROJECT":"zamra-web-01","EVENTARC_CLOUD_EVENT_SOURCE":"projects/zamra-web-01/locations/asia-south1/services/purgeOldFaresDaily","FUNCTION_TARGET":"purgeOldFaresDaily","LOG_EXECUTION_ID":"true"},"ingressSettings":"ALLOW_ALL","uri":"https://purgeoldfaresdaily-rker2mifna-el.a.run.app","serviceAccountEmail":"871356823310-compute@developer.gserviceaccount.com","availableMemory":"256Mi","allTrafficOnLatestRevision":true,"revision":"purgeoldfaresdaily-00001-xav","maxInstanceRequestConcurrency":80,"availableCpu":"1"},"state":"ACTIVE","updateTime":"2026-03-18T19:58:13.572123945Z","labels":{"deployment-tool":"cli-firebase","deployment-scheduled":"true","firebase-functions-hash":"14c59228e3b91d5160b522adee802faa82f92711"},"environment":"GEN_2","url":"https://asia-south1-zamra-web-01.cloudfunctions.net/purgeOldFaresDaily","satisfiesPzs":true,"createTime":"2026-03-18T19:57:09.588125535Z","satisfiesPzi":true},{"name":"projects/zamra-web-01/locations/asia-south1/functions/bulkToggleAgentVisibility","buildConfig":{"build":"projects/871356823310/locations/asia-south1/builds/31034664-319c-416b-ac85-6e42dac9aee1","runtime":"nodejs22","entryPoint":"bulkToggleAgentVisibility","source":{"storageSource":{"bucket":"gcf-v2-sources-871356823310-asia-south1","object":"bulkToggleAgentVisibility/function-source.zip","generation":"1773863892400120"}},"environmentVariables":{"GOOGLE_NODE_RUN_SCRIPTS":""},"dockerRepository":"projects/zamra-web-01/locations/asia-south1/repositories/gcf-artifacts","sourceProvenance":{"resolvedStorageSource":{"bucket":"gcf-v2-sources-871356823310-asia-south1","object":"bulkToggleAgentVisibility/function-source.zip","generation":"1773863892400120"}},"dockerRegistry":"ARTIFACT_REGISTRY","serviceAccount":"projects/zamra-web-01/serviceAccounts/871356823310-compute@developer.gserviceaccount.com","automaticUpdatePolicy":{}},"serviceConfig":{"service":"projects/zamra-web-01/locations/asia-south1/services/bulktoggleagentvisibility","timeoutSeconds":60,"environmentVariables":{"FIREBASE_CONFIG":"{\"projectId\":\"zamra-web-01\",\"storageBucket\":\"zamra-web-01.firebasestorage.app\"}","GCLOUD_PROJECT":"zamra-web-01","EVENTARC_CLOUD_EVENT_SOURCE":"projects/zamra-web-01/locations/asia-south1/services/bulkToggleAgentVisibility","FUNCTION_TARGET":"bulkToggleAgentVisibility","LOG_EXECUTION_ID":"true","FUNCTION_SIGNATURE_TYPE":"http"},"maxInstanceCount":3,"ingressSettings":"ALLOW_ALL","uri":"https://bulktoggleagentvisibility-rker2mifna-el.a.run.app","serviceAccountEmail":"871356823310-compute@developer.gserviceaccount.com","availableMemory":"256Mi","allTrafficOnLatestRevision":true,"revision":"bulktoggleagentvisibility-00004-yad","maxInstanceRequestConcurrency":80,"availableCpu":"1"},"state":"ACTIVE","updateTime":"2026-03-18T19:58:20.668683857Z","labels":{"deployment-tool":"cli-firebase","deployment-callable":"true","firebase-functions-hash":"14c59228e3b91d5160b522adee802faa82f92711"},"environment":"GEN_2","url":"https://asia-south1-zamra-web-01.cloudfunctions.net/bulkToggleAgentVisibility","satisfiesPzs":true,"createTime":"2026-03-16T06:43:33.145492902Z","satisfiesPzi":true},{"name":"projects/zamra-web-01/locations/asia-south1/functions/generateAgentReport","buildConfig":{"build":"projects/871356823310/locations/asia-south1/builds/31034664-319c-416b-ac85-6e42dac9aee1","runtime":"nodejs22","entryPoint":"generateAgentReport","source":{"storageSource":{"bucket":"gcf-v2-sources-871356823310-asia-south1","object":"generateAgentReport/function-source.zip","generation":"1773863891645020"}},"environmentVariables":{"GOOGLE_NODE_RUN_SCRIPTS":""},"dockerRepository":"projects/zamra-web-01/locations/asia-south1/repositories/gcf-artifacts","sourceProvenance":{"resolvedStorageSource":{"bucket":"gcf-v2-sources-871356823310-asia-south1","object":"generateAgentReport/function-source.zip","generation":"1773863891645020"}},"dockerRegistry":"ARTIFACT_REGISTRY","serviceAccount":"projects/zamra-web-01/serviceAccounts/871356823310-compute@developer.gserviceaccount.com","automaticUpdatePolicy":{}},"serviceConfig":{"service":"projects/zamra-web-01/locations/asia-south1/services/generateagentreport","timeoutSeconds":60,"environmentVariables":{"FIREBASE_CONFIG":"{\"projectId\":\"zamra-web-01\",\"storageBucket\":\"zamra-web-01.firebasestorage.app\"}","GCLOUD_PROJECT":"zamra-web-01","EVENTARC_CLOUD_EVENT_SOURCE":"projects/zamra-web-01/locations/asia-south1/services/generateAgentReport","FUNCTION_TARGET":"generateAgentReport","LOG_EXECUTION_ID":"true","FUNCTION_SIGNATURE_TYPE":"http"},"maxInstanceCount":3,"ingressSettings":"ALLOW_ALL","uri":"https://generateagentreport-rker2mifna-el.a.run.app","serviceAccountEmail":"871356823310-compute@developer.gserviceaccount.com","availableMemory":"256Mi","allTrafficOnLatestRevision":true,"revision":"generateagentreport-00004-dod","maxInstanceRequestConcurrency":80,"availableCpu":"1"},"state":"ACTIVE","updateTime":"2026-03-18T19:58:18.224464492Z","labels":{"deployment-tool":"cli-firebase","deployment-callable":"true","firebase-functions-hash":"14c59228e3b91d5160b522adee802faa82f92711"},"environment":"GEN_2","url":"https://asia-south1-zamra-web-01.cloudfunctions.net/generateAgentReport","satisfiesPzs":true,"createTime":"2026-03-16T06:43:33.365972390Z","satisfiesPzi":true}]}
[debug] [2026-04-16T23:28:46.603Z] Checked if tokens are valid: true, expires at: 1776385618951
[debug] [2026-04-16T23:28:46.603Z] Checked if tokens are valid: true, expires at: 1776385618951
[debug] [2026-04-16T23:28:46.604Z] >>> [apiv2][query] GET https://firestore.googleapis.com/v1/projects/zamra-web-01/databases/(default) [none]
[debug] [2026-04-16T23:28:48.161Z] <<< [apiv2][status] GET https://firestore.googleapis.com/v1/projects/zamra-web-01/databases/(default) 200
[debug] [2026-04-16T23:28:48.161Z] <<< [apiv2][body] GET https://firestore.googleapis.com/v1/projects/zamra-web-01/databases/(default) {"name":"projects/zamra-web-01/databases/(default)","uid":"4f93d17c-1fea-4590-8fbc-4f137f3a2768","createTime":"2026-03-16T06:26:51.286233Z","updateTime":"2026-03-16T06:26:51.286233Z","locationId":"nam5","type":"FIRESTORE_NATIVE","concurrencyMode":"PESSIMISTIC","versionRetentionPeriod":"3600s","earliestVersionTime":"2026-04-16T22:28:48.344643Z","appEngineIntegrationMode":"DISABLED","keyPrefix":"s","pointInTimeRecoveryEnablement":"POINT_IN_TIME_RECOVERY_DISABLED","deleteProtectionState":"DELETE_PROTECTION_DISABLED","databaseEdition":"STANDARD","freeTier":true,"realtimeUpdatesMode":"REALTIME_UPDATES_MODE_ENABLED","etag":"IOOY+43D85MDMOfQ64jmo5MD"}
[info] i  functions: ensuring required API cloudscheduler.googleapis.com is enabled... 
[info] i  functions: ensuring required API run.googleapis.com is enabled... 
[info] i  functions: ensuring required API eventarc.googleapis.com is enabled... 
[info] i  functions: ensuring required API pubsub.googleapis.com is enabled... 
[info] i  functions: ensuring required API storage.googleapis.com is enabled... 
[info] i  functions: generating the service identity for pubsub.googleapis.com... 
[debug] [2026-04-16T23:28:48.165Z] Checked if tokens are valid: true, expires at: 1776385618951
[debug] [2026-04-16T23:28:48.165Z] Checked if tokens are valid: true, expires at: 1776385618951
[info] i  functions: generating the service identity for eventarc.googleapis.com... 
[debug] [2026-04-16T23:28:48.165Z] Checked if tokens are valid: true, expires at: 1776385618951
[debug] [2026-04-16T23:28:48.165Z] Checked if tokens are valid: true, expires at: 1776385618951
[debug] [2026-04-16T23:28:48.165Z] >>> [apiv2][query] POST https://serviceusage.googleapis.com/v1beta1/projects/871356823310/services/pubsub.googleapis.com:generateServiceIdentity [none]
[debug] [2026-04-16T23:28:48.165Z] >>> [apiv2][(partial)header] POST https://serviceusage.googleapis.com/v1beta1/projects/871356823310/services/pubsub.googleapis.com:generateServiceIdentity  x-goog-user-project=871356823310
[debug] [2026-04-16T23:28:48.165Z] >>> [apiv2][body] POST https://serviceusage.googleapis.com/v1beta1/projects/871356823310/services/pubsub.googleapis.com:generateServiceIdentity {}
[debug] [2026-04-16T23:28:48.167Z] >>> [apiv2][query] POST https://serviceusage.googleapis.com/v1beta1/projects/871356823310/services/eventarc.googleapis.com:generateServiceIdentity [none]
[debug] [2026-04-16T23:28:48.167Z] >>> [apiv2][(partial)header] POST https://serviceusage.googleapis.com/v1beta1/projects/871356823310/services/eventarc.googleapis.com:generateServiceIdentity  x-goog-user-project=871356823310
[debug] [2026-04-16T23:28:48.167Z] >>> [apiv2][body] POST https://serviceusage.googleapis.com/v1beta1/projects/871356823310/services/eventarc.googleapis.com:generateServiceIdentity {}
[debug] [2026-04-16T23:28:49.833Z] <<< [apiv2][status] POST https://serviceusage.googleapis.com/v1beta1/projects/871356823310/services/eventarc.googleapis.com:generateServiceIdentity 200
[debug] [2026-04-16T23:28:49.833Z] <<< [apiv2][body] POST https://serviceusage.googleapis.com/v1beta1/projects/871356823310/services/eventarc.googleapis.com:generateServiceIdentity {"name":"operations/finished.DONE_OPERATION","done":true,"response":{"@type":"type.googleapis.com/google.api.serviceusage.v1beta1.ServiceIdentity","email":"service-871356823310@gcp-sa-eventarc.iam.gserviceaccount.com","uniqueId":"111642368268589462804"}}
[debug] [2026-04-16T23:28:49.891Z] <<< [apiv2][status] POST https://serviceusage.googleapis.com/v1beta1/projects/871356823310/services/pubsub.googleapis.com:generateServiceIdentity 200
[debug] [2026-04-16T23:28:49.891Z] <<< [apiv2][body] POST https://serviceusage.googleapis.com/v1beta1/projects/871356823310/services/pubsub.googleapis.com:generateServiceIdentity {"name":"operations/finished.DONE_OPERATION","done":true,"response":{"@type":"type.googleapis.com/google.api.serviceusage.v1beta1.ServiceIdentity","email":"service-871356823310@gcp-sa-pubsub.iam.gserviceaccount.com","uniqueId":"112222140349245336585"}}
[info] i  functions: ensuring required API secretmanager.googleapis.com is enabled... 
[debug] [2026-04-16T23:28:49.892Z] Checked if tokens are valid: true, expires at: 1776385618951
[debug] [2026-04-16T23:28:49.893Z] Checked if tokens are valid: true, expires at: 1776385618951
[debug] [2026-04-16T23:28:49.893Z] >>> [apiv2][query] GET https://serviceusage.googleapis.com/v1/projects/871356823310/services/secretmanager.googleapis.com [none]
[debug] [2026-04-16T23:28:49.893Z] >>> [apiv2][(partial)header] GET https://serviceusage.googleapis.com/v1/projects/871356823310/services/secretmanager.googleapis.com  x-goog-user-project=871356823310
[debug] [2026-04-16T23:28:51.400Z] <<< [apiv2][status] GET https://serviceusage.googleapis.com/v1/projects/871356823310/services/secretmanager.googleapis.com 200
[debug] [2026-04-16T23:28:51.400Z] <<< [apiv2][body] GET https://serviceusage.googleapis.com/v1/projects/871356823310/services/secretmanager.googleapis.com [omitted]
[info] ✔  functions: required API secretmanager.googleapis.com is enabled 
[debug] [2026-04-16T23:28:51.415Z] Checked if tokens are valid: true, expires at: 1776385618951
[debug] [2026-04-16T23:28:51.415Z] Checked if tokens are valid: true, expires at: 1776385618951
[debug] [2026-04-16T23:28:51.415Z] >>> [apiv2][query] GET https://secretmanager.googleapis.com/v1/projects/zamra-web-01/secrets/BUFFER_API_KEY/versions/latest [none]
[debug] [2026-04-16T23:28:51.997Z] <<< [apiv2][status] GET https://secretmanager.googleapis.com/v1/projects/zamra-web-01/secrets/BUFFER_API_KEY/versions/latest 200
[debug] [2026-04-16T23:28:51.997Z] <<< [apiv2][body] GET https://secretmanager.googleapis.com/v1/projects/zamra-web-01/secrets/BUFFER_API_KEY/versions/latest {"name":"projects/871356823310/secrets/BUFFER_API_KEY/versions/1","createTime":"2026-04-16T23:28:20.291243Z","state":"ENABLED","replicationStatus":{"automatic":{}},"etag":"\"164f9c3012beab\""}
[debug] [2026-04-16T23:28:51.997Z] Resolved secret version of BUFFER_API_KEY to 1.
[debug] [2026-04-16T23:28:51.999Z] Checked if tokens are valid: true, expires at: 1776385618951
[debug] [2026-04-16T23:28:51.999Z] Checked if tokens are valid: true, expires at: 1776385618951
[debug] [2026-04-16T23:28:51.999Z] >>> [apiv2][query] GET https://compute.googleapis.com/compute/v1/projects/871356823310 [none]
[debug] [2026-04-16T23:28:52.571Z] <<< [apiv2][status] GET https://compute.googleapis.com/compute/v1/projects/871356823310 200
[debug] [2026-04-16T23:28:52.571Z] <<< [apiv2][body] GET https://compute.googleapis.com/compute/v1/projects/871356823310 {"kind":"compute#project","id":"717486294302333075","creationTimestamp":"2026-03-15T23:43:08.356-07:00","name":"zamra-web-01","commonInstanceMetadata":{"kind":"compute#metadata","fingerprint":"MU0ZCiqSvXg="},"quotas":[{"metric":"SNAPSHOTS","limit":1000,"usage":0},{"metric":"NETWORKS","limit":5,"usage":1},{"metric":"FIREWALLS","limit":100,"usage":4},{"metric":"IMAGES","limit":100,"usage":0},{"metric":"STATIC_ADDRESSES","limit":8,"usage":0},{"metric":"ROUTES","limit":200,"usage":0},{"metric":"FORWARDING_RULES","limit":15,"usage":0},{"metric":"TARGET_POOLS","limit":50,"usage":0},{"metric":"HEALTH_CHECKS","limit":75,"usage":0},{"metric":"IN_USE_ADDRESSES","limit":8,"usage":0},{"metric":"TARGET_INSTANCES","limit":50,"usage":0},{"metric":"TARGET_HTTP_PROXIES","limit":10,"usage":0},{"metric":"URL_MAPS","limit":10,"usage":0},{"metric":"BACKEND_SERVICES","limit":50,"usage":0},{"metric":"INSTANCE_TEMPLATES","limit":100,"usage":0},{"metric":"TARGET_VPN_GATEWAYS","limit":5,"usage":0},{"metric":"VPN_TUNNELS","limit":10,"usage":0},{"metric":"BACKEND_BUCKETS","limit":3,"usage":0},{"metric":"ROUTERS","limit":10,"usage":0},{"metric":"TARGET_SSL_PROXIES","limit":10,"usage":0},{"metric":"TARGET_HTTPS_PROXIES","limit":10,"usage":0},{"metric":"SSL_CERTIFICATES","limit":10,"usage":0},{"metric":"SUBNETWORKS","limit":100,"usage":0},{"metric":"TARGET_TCP_PROXIES","limit":10,"usage":0},{"metric":"CPUS_ALL_REGIONS","limit":16,"usage":0},{"metric":"SECURITY_POLICIES","limit":10,"usage":0},{"metric":"SECURITY_POLICY_RULES","limit":100,"usage":0},{"metric":"XPN_SERVICE_PROJECTS","limit":1000,"usage":0},{"metric":"PACKET_MIRRORINGS","limit":20,"usage":0},{"metric":"NETWORK_ENDPOINT_GROUPS","limit":100,"usage":0},{"metric":"INTERCONNECTS","limit":6,"usage":0},{"metric":"SSL_POLICIES","limit":10,"usage":0},{"metric":"GLOBAL_INTERNAL_ADDRESSES","limit":5000,"usage":0},{"metric":"VPN_GATEWAYS","limit":5,"usage":0},{"metric":"MACHINE_IMAGES","limit":100,"usage":0},{"metric":"SECURITY_POLICY_CEVAL_RULES","limit":20,"usage":0},{"metric":"GPUS_ALL_REGIONS","limit":0,"usage":0},{"metric":"EXTERNAL_VPN_GATEWAYS","limit":5,"usage":0},{"metric":"PUBLIC_ADVERTISED_PREFIXES","limit":1,"usage":0},{"metric":"PUBLIC_DELEGATED_PREFIXES","limit":10,"usage":0},{"metric":"STATIC_BYOIP_ADDRESSES","limit":128,"usage":0},{"metric":"NETWORK_FIREWALL_POLICIES","limit":10,"usage":0},{"metric":"INTERNAL_TRAFFIC_DIRECTOR_FORWARDING_RULES","limit":15,"usage":0},{"metric":"GLOBAL_EXTERNAL_MANAGED_FORWARDING_RULES","limit":15,"usage":0},{"metric":"GLOBAL_INTERNAL_MANAGED_BACKEND_SERVICES","limit":50,"usage":0},{"metric":"GLOBAL_EXTERNAL_MANAGED_BACKEND_SERVICES","limit":50,"usage":0},{"metric":"GLOBAL_EXTERNAL_PROXY_LB_BACKEND_SERVICES","limit":50,"usage":0},{"metric":"GLOBAL_INTERNAL_TRAFFIC_DIRECTOR_BACKEND_SERVICES","limit":250,"usage":0}],"selfLink":"https://www.googleapis.com/compute/v1/projects/zamra-web-01","defaultServiceAccount":"871356823310-compute@developer.gserviceaccount.com","xpnProjectStatus":"UNSPECIFIED_XPN_PROJECT_STATUS","defaultNetworkTier":"PREMIUM","vmDnsSetting":"ZONAL_ONLY","cloudArmorTier":"CA_STANDARD"}
[debug] [2026-04-16T23:28:52.572Z] Checked if tokens are valid: true, expires at: 1776385618951
[debug] [2026-04-16T23:28:52.572Z] Checked if tokens are valid: true, expires at: 1776385618951
[debug] [2026-04-16T23:28:52.572Z] >>> [apiv2][query] POST https://cloudresourcemanager.googleapis.com/v1/projects/871356823310:getIamPolicy [none]
[debug] [2026-04-16T23:28:53.833Z] <<< [apiv2][status] POST https://cloudresourcemanager.googleapis.com/v1/projects/871356823310:getIamPolicy 200
[debug] [2026-04-16T23:28:53.833Z] <<< [apiv2][body] POST https://cloudresourcemanager.googleapis.com/v1/projects/871356823310:getIamPolicy {"version":1,"etag":"BwZNUdqbmPE=","bindings":[{"role":"roles/artifactregistry.serviceAgent","members":["serviceAccount:service-871356823310@gcp-sa-artifactregistry.iam.gserviceaccount.com"]},{"role":"roles/cloudbuild.builds.builder","members":["serviceAccount:871356823310@cloudbuild.gserviceaccount.com"]},{"role":"roles/cloudbuild.serviceAgent","members":["serviceAccount:service-871356823310@gcp-sa-cloudbuild.iam.gserviceaccount.com"]},{"role":"roles/cloudfunctions.serviceAgent","members":["serviceAccount:service-871356823310@gcf-admin-robot.iam.gserviceaccount.com"]},{"role":"roles/cloudscheduler.serviceAgent","members":["serviceAccount:service-871356823310@gcp-sa-cloudscheduler.iam.gserviceaccount.com"]},{"role":"roles/compute.instanceGroupManagerServiceAgent","members":["serviceAccount:871356823310@cloudservices.gserviceaccount.com"]},{"role":"roles/compute.serviceAgent","members":["serviceAccount:service-871356823310@compute-system.iam.gserviceaccount.com"]},{"role":"roles/containerregistry.ServiceAgent","members":["serviceAccount:service-871356823310@containerregistry.iam.gserviceaccount.com"]},{"role":"roles/editor","members":["serviceAccount:871356823310-compute@developer.gserviceaccount.com","serviceAccount:871356823310@cloudservices.gserviceaccount.com","serviceAccount:zamra-web-01@appspot.gserviceaccount.com"]},{"role":"roles/firebase.admin","members":["serviceAccount:firebase-adminsdk-fbsvc@zamra-web-01.iam.gserviceaccount.com","serviceAccount:zamra-web-01@appspot.gserviceaccount.com"]},{"role":"roles/firebase.managementServiceAgent","members":["serviceAccount:service-871356823310@gcp-sa-firebase.iam.gserviceaccount.com"]},{"role":"roles/firebase.sdkAdminServiceAgent","members":["serviceAccount:firebase-adminsdk-fbsvc@zamra-web-01.iam.gserviceaccount.com"]},{"role":"roles/firebaseauth.admin","members":["serviceAccount:firebase-adminsdk-fbsvc@zamra-web-01.iam.gserviceaccount.com"]},{"role":"roles/firebaserules.system","members":["serviceAccount:service-871356823310@firebase-rules.iam.gserviceaccount.com"]},{"role":"roles/firebasestorage.serviceAgent","members":["serviceAccount:service-871356823310@gcp-sa-firebasestorage.iam.gserviceaccount.com"]},{"role":"roles/firestore.serviceAgent","members":["serviceAccount:service-871356823310@gcp-sa-firestore.iam.gserviceaccount.com"]},{"role":"roles/iam.serviceAccountTokenCreator","members":["serviceAccount:firebase-adminsdk-fbsvc@zamra-web-01.iam.gserviceaccount.com"]},{"role":"roles/iam.serviceAccountUser","members":["serviceAccount:zamra-web-01@appspot.gserviceaccount.com"]},{"role":"roles/owner","members":["user:jobslive49@gmail.com"]},{"role":"roles/run.serviceAgent","members":["serviceAccount:service-871356823310@serverless-robot-prod.iam.gserviceaccount.com"]},{"role":"roles/serviceusage.serviceUsageConsumer","members":["serviceAccount:firebase-adminsdk-fbsvc@zamra-web-01.iam.gserviceaccount.com"]},{"role":"roles/storage.admin","members":["serviceAccount:firebase-adminsdk-fbsvc@zamra-web-01.iam.gserviceaccount.com"]}]}
[debug] [2026-04-16T23:28:53.833Z] Checked if tokens are valid: true, expires at: 1776385618951
[debug] [2026-04-16T23:28:53.833Z] Checked if tokens are valid: true, expires at: 1776385618951
[debug] [2026-04-16T23:28:53.833Z] >>> [apiv2][query] POST https://cloudresourcemanager.googleapis.com/v1/projects/871356823310:setIamPolicy [none]
[debug] [2026-04-16T23:28:53.834Z] >>> [apiv2][body] POST https://cloudresourcemanager.googleapis.com/v1/projects/871356823310:setIamPolicy {"policy":{"version":1,"etag":"BwZNUdqbmPE=","bindings":[{"role":"roles/artifactregistry.serviceAgent","members":["serviceAccount:service-871356823310@gcp-sa-artifactregistry.iam.gserviceaccount.com"]},{"role":"roles/cloudbuild.builds.builder","members":["serviceAccount:871356823310@cloudbuild.gserviceaccount.com"]},{"role":"roles/cloudbuild.serviceAgent","members":["serviceAccount:service-871356823310@gcp-sa-cloudbuild.iam.gserviceaccount.com"]},{"role":"roles/cloudfunctions.serviceAgent","members":["serviceAccount:service-871356823310@gcf-admin-robot.iam.gserviceaccount.com"]},{"role":"roles/cloudscheduler.serviceAgent","members":["serviceAccount:service-871356823310@gcp-sa-cloudscheduler.iam.gserviceaccount.com"]},{"role":"roles/compute.instanceGroupManagerServiceAgent","members":["serviceAccount:871356823310@cloudservices.gserviceaccount.com"]},{"role":"roles/compute.serviceAgent","members":["serviceAccount:service-871356823310@compute-system.iam.gserviceaccount.com"]},{"role":"roles/containerregistry.ServiceAgent","members":["serviceAccount:service-871356823310@containerregistry.iam.gserviceaccount.com"]},{"role":"roles/editor","members":["serviceAccount:871356823310-compute@developer.gserviceaccount.com","serviceAccount:871356823310@cloudservices.gserviceaccount.com","serviceAccount:zamra-web-01@appspot.gserviceaccount.com"]},{"role":"roles/firebase.admin","members":["serviceAccount:firebase-adminsdk-fbsvc@zamra-web-01.iam.gserviceaccount.com","serviceAccount:zamra-web-01@appspot.gserviceaccount.com"]},{"role":"roles/firebase.managementServiceAgent","members":["serviceAccount:service-871356823310@gcp-sa-firebase.iam.gserviceaccount.com"]},{"role":"roles/firebase.sdkAdminServiceAgent","members":["serviceAccount:firebase-adminsdk-fbsvc@zamra-web-01.iam.gserviceaccount.com"]},{"role":"roles/firebaseauth.admin","members":["serviceAccount:firebase-adminsdk-fbsvc@zamra-web-01.iam.gserviceaccount.com"]},{"role":"roles/firebaserules.system","members":["serviceAccount:service-871356823310@firebase-rules.iam.gserviceaccount.com"]},{"role":"roles/firebasestorage.serviceAgent","members":["serviceAccount:service-871356823310@gcp-sa-firebasestorage.iam.gserviceaccount.com"]},{"role":"roles/firestore.serviceAgent","members":["serviceAccount:service-871356823310@gcp-sa-firestore.iam.gserviceaccount.com"]},{"role":"roles/iam.serviceAccountTokenCreator","members":["serviceAccount:firebase-adminsdk-fbsvc@zamra-web-01.iam.gserviceaccount.com","serviceAccount:service-871356823310@gcp-sa-pubsub.iam.gserviceaccount.com"]},{"role":"roles/iam.serviceAccountUser","members":["serviceAccount:zamra-web-01@appspot.gserviceaccount.com"]},{"role":"roles/owner","members":["user:jobslive49@gmail.com"]},{"role":"roles/run.serviceAgent","members":["serviceAccount:service-871356823310@serverless-robot-prod.iam.gserviceaccount.com"]},{"role":"roles/serviceusage.serviceUsageConsumer","members":["serviceAccount:firebase-adminsdk-fbsvc@zamra-web-01.iam.gserviceaccount.com"]},{"role":"roles/storage.admin","members":["serviceAccount:firebase-adminsdk-fbsvc@zamra-web-01.iam.gserviceaccount.com"]},{"role":"roles/run.invoker","members":["serviceAccount:871356823310-compute@developer.gserviceaccount.com"]},{"role":"roles/eventarc.eventReceiver","members":["serviceAccount:871356823310-compute@developer.gserviceaccount.com"]}]},"updateMask":"bindings"}
[debug] [2026-04-16T23:28:54.908Z] <<< [apiv2][status] POST https://cloudresourcemanager.googleapis.com/v1/projects/871356823310:setIamPolicy 200
[debug] [2026-04-16T23:28:54.908Z] <<< [apiv2][body] POST https://cloudresourcemanager.googleapis.com/v1/projects/871356823310:setIamPolicy {"version":1,"etag":"BwZPnDIlyIg=","bindings":[{"role":"roles/artifactregistry.serviceAgent","members":["serviceAccount:service-871356823310@gcp-sa-artifactregistry.iam.gserviceaccount.com"]},{"role":"roles/cloudbuild.builds.builder","members":["serviceAccount:871356823310@cloudbuild.gserviceaccount.com"]},{"role":"roles/cloudbuild.serviceAgent","members":["serviceAccount:service-871356823310@gcp-sa-cloudbuild.iam.gserviceaccount.com"]},{"role":"roles/cloudfunctions.serviceAgent","members":["serviceAccount:service-871356823310@gcf-admin-robot.iam.gserviceaccount.com"]},{"role":"roles/cloudscheduler.serviceAgent","members":["serviceAccount:service-871356823310@gcp-sa-cloudscheduler.iam.gserviceaccount.com"]},{"role":"roles/compute.instanceGroupManagerServiceAgent","members":["serviceAccount:871356823310@cloudservices.gserviceaccount.com"]},{"role":"roles/compute.serviceAgent","members":["serviceAccount:service-871356823310@compute-system.iam.gserviceaccount.com"]},{"role":"roles/containerregistry.ServiceAgent","members":["serviceAccount:service-871356823310@containerregistry.iam.gserviceaccount.com"]},{"role":"roles/editor","members":["serviceAccount:871356823310-compute@developer.gserviceaccount.com","serviceAccount:871356823310@cloudservices.gserviceaccount.com","serviceAccount:zamra-web-01@appspot.gserviceaccount.com"]},{"role":"roles/eventarc.eventReceiver","members":["serviceAccount:871356823310-compute@developer.gserviceaccount.com"]},{"role":"roles/firebase.admin","members":["serviceAccount:firebase-adminsdk-fbsvc@zamra-web-01.iam.gserviceaccount.com","serviceAccount:zamra-web-01@appspot.gserviceaccount.com"]},{"role":"roles/firebase.managementServiceAgent","members":["serviceAccount:service-871356823310@gcp-sa-firebase.iam.gserviceaccount.com"]},{"role":"roles/firebase.sdkAdminServiceAgent","members":["serviceAccount:firebase-adminsdk-fbsvc@zamra-web-01.iam.gserviceaccount.com"]},{"role":"roles/firebaseauth.admin","members":["serviceAccount:firebase-adminsdk-fbsvc@zamra-web-01.iam.gserviceaccount.com"]},{"role":"roles/firebaserules.system","members":["serviceAccount:service-871356823310@firebase-rules.iam.gserviceaccount.com"]},{"role":"roles/firebasestorage.serviceAgent","members":["serviceAccount:service-871356823310@gcp-sa-firebasestorage.iam.gserviceaccount.com"]},{"role":"roles/firestore.serviceAgent","members":["serviceAccount:service-871356823310@gcp-sa-firestore.iam.gserviceaccount.com"]},{"role":"roles/iam.serviceAccountTokenCreator","members":["serviceAccount:firebase-adminsdk-fbsvc@zamra-web-01.iam.gserviceaccount.com","serviceAccount:service-871356823310@gcp-sa-pubsub.iam.gserviceaccount.com"]},{"role":"roles/iam.serviceAccountUser","members":["serviceAccount:zamra-web-01@appspot.gserviceaccount.com"]},{"role":"roles/owner","members":["user:jobslive49@gmail.com"]},{"role":"roles/run.invoker","members":["serviceAccount:871356823310-compute@developer.gserviceaccount.com"]},{"role":"roles/run.serviceAgent","members":["serviceAccount:service-871356823310@serverless-robot-prod.iam.gserviceaccount.com"]},{"role":"roles/serviceusage.serviceUsageConsumer","members":["serviceAccount:firebase-adminsdk-fbsvc@zamra-web-01.iam.gserviceaccount.com"]},{"role":"roles/storage.admin","members":["serviceAccount:firebase-adminsdk-fbsvc@zamra-web-01.iam.gserviceaccount.com"]}]}
[debug] [2026-04-16T23:28:54.911Z] Checked if tokens are valid: true, expires at: 1776385618951
[debug] [2026-04-16T23:28:54.911Z] Checked if tokens are valid: true, expires at: 1776385618951
[debug] [2026-04-16T23:28:54.911Z] >>> [apiv2][query] GET https://cloudresourcemanager.googleapis.com/v1/projects/zamra-web-01 [none]
[debug] [2026-04-16T23:28:55.182Z] <<< [apiv2][status] GET https://cloudresourcemanager.googleapis.com/v1/projects/zamra-web-01 200
[debug] [2026-04-16T23:28:55.183Z] <<< [apiv2][body] GET https://cloudresourcemanager.googleapis.com/v1/projects/zamra-web-01 {"projectNumber":"871356823310","projectId":"zamra-web-01","lifecycleState":"ACTIVE","name":"Zamra-Web","labels":{"firebase":"enabled","firebase-core":"disabled"},"createTime":"2026-03-13T15:59:34.319366Z"}
[info] i  functions: ensuring 871356823310-compute@developer.gserviceaccount.com access to secret BUFFER_API_KEY. 
[debug] [2026-04-16T23:28:55.184Z] Checked if tokens are valid: true, expires at: 1776385618951
[debug] [2026-04-16T23:28:55.184Z] Checked if tokens are valid: true, expires at: 1776385618951
[debug] [2026-04-16T23:28:55.184Z] >>> [apiv2][query] GET https://secretmanager.googleapis.com/v1/projects/zamra-web-01/secrets/BUFFER_API_KEY:getIamPolicy [none]
[debug] [2026-04-16T23:28:55.818Z] <<< [apiv2][status] GET https://secretmanager.googleapis.com/v1/projects/zamra-web-01/secrets/BUFFER_API_KEY:getIamPolicy 200
[debug] [2026-04-16T23:28:55.818Z] <<< [apiv2][body] GET https://secretmanager.googleapis.com/v1/projects/zamra-web-01/secrets/BUFFER_API_KEY:getIamPolicy {"etag":"ACAB"}
[debug] [2026-04-16T23:28:55.818Z] Checked if tokens are valid: true, expires at: 1776385618951
[debug] [2026-04-16T23:28:55.819Z] Checked if tokens are valid: true, expires at: 1776385618951
[debug] [2026-04-16T23:28:55.819Z] >>> [apiv2][query] POST https://secretmanager.googleapis.com/v1/projects/zamra-web-01/secrets/BUFFER_API_KEY:setIamPolicy [none]
[debug] [2026-04-16T23:28:55.819Z] >>> [apiv2][body] POST https://secretmanager.googleapis.com/v1/projects/zamra-web-01/secrets/BUFFER_API_KEY:setIamPolicy {"policy":{"bindings":[{"role":"roles/secretmanager.secretAccessor","members":["serviceAccount:871356823310-compute@developer.gserviceaccount.com"]}]},"updateMask":"bindings"}
[debug] [2026-04-16T23:28:56.493Z] <<< [apiv2][status] POST https://secretmanager.googleapis.com/v1/projects/zamra-web-01/secrets/BUFFER_API_KEY:setIamPolicy 200
[debug] [2026-04-16T23:28:56.493Z] <<< [apiv2][body] POST https://secretmanager.googleapis.com/v1/projects/zamra-web-01/secrets/BUFFER_API_KEY:setIamPolicy {"version":1,"etag":"BwZPnDI90sQ=","bindings":[{"role":"roles/secretmanager.secretAccessor","members":["serviceAccount:871356823310-compute@developer.gserviceaccount.com"]}]}
[info] ✔  secretmanager: Granted roles/secretmanager.secretAccessor on projects/zamra-web-01/secrets/BUFFER_API_KEY to 871356823310-compute@developer.gserviceaccount.com 
[info] ✔  functions: ensured 871356823310-compute@developer.gserviceaccount.com access to BUFFER_API_KEY. 
[debug] [2026-04-16T23:28:56.497Z] Checked if tokens are valid: true, expires at: 1776385618951
[debug] [2026-04-16T23:28:56.497Z] Checked if tokens are valid: true, expires at: 1776385618951
[debug] [2026-04-16T23:28:56.497Z] >>> [apiv2][query] POST https://cloudfunctions.googleapis.com/v2/projects/zamra-web-01/locations/asia-south1/functions:generateUploadUrl [none]
[debug] [2026-04-16T23:28:57.245Z] <<< [apiv2][status] POST https://cloudfunctions.googleapis.com/v2/projects/zamra-web-01/locations/asia-south1/functions:generateUploadUrl 200
[debug] [2026-04-16T23:28:57.245Z] <<< [apiv2][body] POST https://cloudfunctions.googleapis.com/v2/projects/zamra-web-01/locations/asia-south1/functions:generateUploadUrl {"uploadUrl":"https://storage.googleapis.com/gcf-v2-uploads-871356823310.asia-south1.cloudfunctions.appspot.com/57411583-24d5-4d27-82ed-f9bd7a8b4e9a.zip?GoogleAccessId=service-871356823310@gcf-admin-robot.iam.gserviceaccount.com&Expires=1776383937&Signature=OnIQyvArxufklbXYHjtNI07tA2qiwIbVlcjf%2FbXCZy5kNCedI38tphw9HZ31xGWeSu0shzLWOZWneyKAAL4DnrgT9ZdfGyMee2QjSbuLlyCxpq9Ij8eT4pk74YhtGT5C2gd%2BENnL5l75piSk8hiVYTyGxHvNU6KbL%2Ffx7e%2BFc5wcJNpxWwDkra7rUkbmBvcG2hf3jtS%2BgjrGViqkr0jzWqT041jZQFcgSO74Km%2BL9vqLqUMoqW%2BPpDfoMuMWm3Kgkk0bgmisCYT2S9fjEfT7gsBMs4iTVgmmSmHTqiMUzxA6owhLkLqms4SDoOvW%2F612AabqoOAtWsKUECl7nMXu4w%3D%3D","storageSource":{"bucket":"gcf-v2-uploads-871356823310.asia-south1.cloudfunctions.appspot.com","object":"57411583-24d5-4d27-82ed-f9bd7a8b4e9a.zip"}}
[debug] [2026-04-16T23:28:57.246Z] >>> [apiv2][query] PUT https://storage.googleapis.com/gcf-v2-uploads-871356823310.asia-south1.cloudfunctions.appspot.com/57411583-24d5-4d27-82ed-f9bd7a8b4e9a.zip GoogleAccessId=service-871356823310%40gcf-admin-robot.iam.gserviceaccount.com&Expires=1776383937&Signature=OnIQyvArxufklbXYHjtNI07tA2qiwIbVlcjf%2FbXCZy5kNCedI38tphw9HZ31xGWeSu0shzLWOZWneyKAAL4DnrgT9ZdfGyMee2QjSbuLlyCxpq9Ij8eT4pk74YhtGT5C2gd%2BENnL5l75piSk8hiVYTyGxHvNU6KbL%2Ffx7e%2BFc5wcJNpxWwDkra7rUkbmBvcG2hf3jtS%2BgjrGViqkr0jzWqT041jZQFcgSO74Km%2BL9vqLqUMoqW%2BPpDfoMuMWm3Kgkk0bgmisCYT2S9fjEfT7gsBMs4iTVgmmSmHTqiMUzxA6owhLkLqms4SDoOvW%2F612AabqoOAtWsKUECl7nMXu4w%3D%3D
[debug] [2026-04-16T23:28:57.247Z] >>> [apiv2][body] PUT https://storage.googleapis.com/gcf-v2-uploads-871356823310.asia-south1.cloudfunctions.appspot.com/57411583-24d5-4d27-82ed-f9bd7a8b4e9a.zip [stream]
[debug] [2026-04-16T23:28:58.058Z] <<< [apiv2][status] PUT https://storage.googleapis.com/gcf-v2-uploads-871356823310.asia-south1.cloudfunctions.appspot.com/57411583-24d5-4d27-82ed-f9bd7a8b4e9a.zip 200
[debug] [2026-04-16T23:28:58.059Z] <<< [apiv2][body] PUT https://storage.googleapis.com/gcf-v2-uploads-871356823310.asia-south1.cloudfunctions.appspot.com/57411583-24d5-4d27-82ed-f9bd7a8b4e9a.zip [omitted]
[info] ✔  functions: functions source uploaded successfully 
[info] i  functions: creating Node.js 22 (2nd Gen) function syncBufferChannels(asia-south1)... 
[info] i  functions: creating Node.js 22 (2nd Gen) function postSocialQueueToBuffer(asia-south1)... 
[debug] [2026-04-16T23:28:58.064Z] Checked if tokens are valid: true, expires at: 1776385618951
[debug] [2026-04-16T23:28:58.064Z] Checked if tokens are valid: true, expires at: 1776385618951
[debug] [2026-04-16T23:28:58.064Z] >>> [apiv2][query] POST https://cloudfunctions.googleapis.com/v2/projects/zamra-web-01/locations/asia-south1/functions functionId=syncBufferChannels
[debug] [2026-04-16T23:28:58.064Z] >>> [apiv2][body] POST https://cloudfunctions.googleapis.com/v2/projects/zamra-web-01/locations/asia-south1/functions {"name":"projects/zamra-web-01/locations/asia-south1/functions/syncBufferChannels","buildConfig":{"runtime":"nodejs22","entryPoint":"syncBufferChannels","source":{"storageSource":{"bucket":"gcf-v2-uploads-871356823310.asia-south1.cloudfunctions.appspot.com","object":"57411583-24d5-4d27-82ed-f9bd7a8b4e9a.zip"}},"environmentVariables":{"GOOGLE_NODE_RUN_SCRIPTS":""}},"serviceConfig":{"environmentVariables":{"FIREBASE_CONFIG":"{\"projectId\":\"zamra-web-01\",\"storageBucket\":\"zamra-web-01.firebasestorage.app\"}","GCLOUD_PROJECT":"zamra-web-01","EVENTARC_CLOUD_EVENT_SOURCE":"projects/zamra-web-01/locations/asia-south1/services/syncBufferChannels","FUNCTION_TARGET":"syncBufferChannels","LOG_EXECUTION_ID":"true"},"secretEnvironmentVariables":[{"key":"BUFFER_API_KEY","secret":"BUFFER_API_KEY","projectId":"zamra-web-01","version":"1"}],"ingressSettings":null,"timeoutSeconds":null,"serviceAccountEmail":null,"availableMemory":"256Mi","minInstanceCount":null,"maxInstanceCount":null,"maxInstanceRequestConcurrency":80,"availableCpu":"1","vpcConnector":null,"vpcConnectorEgressSettings":null,"directVpcNetworkInterface":null,"directVpcEgress":null},"labels":{"deployment-tool":"cli-firebase","deployment-callable":"true","firebase-functions-hash":"04ea4a0f6d75bacd0acaef406ea34f465151f85f"}}
[debug] [2026-04-16T23:28:59.504Z] <<< [apiv2][status] POST https://cloudfunctions.googleapis.com/v2/projects/zamra-web-01/locations/asia-south1/functions 200
[debug] [2026-04-16T23:28:59.505Z] <<< [apiv2][body] POST https://cloudfunctions.googleapis.com/v2/projects/zamra-web-01/locations/asia-south1/functions {"name":"projects/zamra-web-01/locations/asia-south1/operations/operation-1776382138824-64f9c325eb638-896f07c6-4dda4bc6","metadata":{"@type":"type.googleapis.com/google.cloud.functions.v2.OperationMetadata","createTime":"2026-04-16T23:28:59.744545771Z","target":"projects/zamra-web-01/locations/asia-south1/functions/syncBufferChannels","verb":"create","cancelRequested":false,"apiVersion":"v2"},"done":false}
[debug] [2026-04-16T23:28:59.507Z] Checked if tokens are valid: true, expires at: 1776385618951
[debug] [2026-04-16T23:28:59.507Z] Checked if tokens are valid: true, expires at: 1776385618951
[debug] [2026-04-16T23:28:59.507Z] >>> [apiv2][query] GET https://cloudfunctions.googleapis.com/v2/projects/zamra-web-01/locations/asia-south1/operations/operation-1776382138824-64f9c325eb638-896f07c6-4dda4bc6 [none]
[debug] [2026-04-16T23:29:00.001Z] <<< [apiv2][status] GET https://cloudfunctions.googleapis.com/v2/projects/zamra-web-01/locations/asia-south1/operations/operation-1776382138824-64f9c325eb638-896f07c6-4dda4bc6 200
[debug] [2026-04-16T23:29:00.001Z] <<< [apiv2][body] GET https://cloudfunctions.googleapis.com/v2/projects/zamra-web-01/locations/asia-south1/operations/operation-1776382138824-64f9c325eb638-896f07c6-4dda4bc6 {"name":"projects/zamra-web-01/locations/asia-south1/operations/operation-1776382138824-64f9c325eb638-896f07c6-4dda4bc6","metadata":{"@type":"type.googleapis.com/google.cloud.functions.v2.OperationMetadata","createTime":"2026-04-16T23:28:59.744545771Z","target":"projects/zamra-web-01/locations/asia-south1/functions/syncBufferChannels","verb":"create","cancelRequested":false,"apiVersion":"v2","requestResource":{"@type":"type.googleapis.com/google.cloud.functions.v2.Function","name":"projects/zamra-web-01/locations/asia-south1/functions/syncBufferChannels","buildConfig":{"runtime":"nodejs22","entryPoint":"syncBufferChannels","source":{"storageSource":{"bucket":"gcf-v2-sources-871356823310-asia-south1","object":"syncBufferChannels/function-source.zip","generation":"1776382139075261"}},"environmentVariables":{"GOOGLE_NODE_RUN_SCRIPTS":""},"serviceAccount":"projects/zamra-web-01/serviceAccounts/871356823310-compute@developer.gserviceaccount.com","automaticUpdatePolicy":{}},"serviceConfig":{"service":"projects/zamra-web-01/locations/asia-south1/services/syncbufferchannels","timeoutSeconds":60,"environmentVariables":{"FIREBASE_CONFIG":"{\"projectId\":\"zamra-web-01\",\"storageBucket\":\"zamra-web-01.firebasestorage.app\"}","GCLOUD_PROJECT":"zamra-web-01","EVENTARC_CLOUD_EVENT_SOURCE":"projects/zamra-web-01/locations/asia-south1/services/syncBufferChannels","FUNCTION_TARGET":"syncBufferChannels","LOG_EXECUTION_ID":"true"},"ingressSettings":"ALLOW_ALL","serviceAccountEmail":"871356823310-compute@developer.gserviceaccount.com","availableMemory":"256Mi","secretEnvironmentVariables":[{"key":"BUFFER_API_KEY","projectId":"zamra-web-01","secret":"BUFFER_API_KEY","version":"1"}],"maxInstanceRequestConcurrency":80,"availableCpu":"1"},"labels":{"deployment-tool":"cli-firebase","deployment-callable":"true","firebase-functions-hash":"04ea4a0f6d75bacd0acaef406ea34f465151f85f"},"environment":"GEN_2"},"stages":[{"name":"BUILD","state":"NOT_STARTED"},{"name":"SERVICE","state":"NOT_STARTED"}],"operationType":"CREATE_FUNCTION"},"done":false}
[debug] [2026-04-16T23:29:00.503Z] [create-default-asia-south1-syncBufferChannels] Retrying task index 0
[debug] [2026-04-16T23:29:00.504Z] Checked if tokens are valid: true, expires at: 1776385618951
[debug] [2026-04-16T23:29:00.504Z] Checked if tokens are valid: true, expires at: 1776385618951
[debug] [2026-04-16T23:29:00.504Z] >>> [apiv2][query] GET https://cloudfunctions.googleapis.com/v2/projects/zamra-web-01/locations/asia-south1/operations/operation-1776382138824-64f9c325eb638-896f07c6-4dda4bc6 [none]
[debug] [2026-04-16T23:29:00.921Z] <<< [apiv2][status] GET https://cloudfunctions.googleapis.com/v2/projects/zamra-web-01/locations/asia-south1/operations/operation-1776382138824-64f9c325eb638-896f07c6-4dda4bc6 200
[debug] [2026-04-16T23:29:00.922Z] <<< [apiv2][body] GET https://cloudfunctions.googleapis.com/v2/projects/zamra-web-01/locations/asia-south1/operations/operation-1776382138824-64f9c325eb638-896f07c6-4dda4bc6 {"name":"projects/zamra-web-01/locations/asia-south1/operations/operation-1776382138824-64f9c325eb638-896f07c6-4dda4bc6","metadata":{"@type":"type.googleapis.com/google.cloud.functions.v2.OperationMetadata","createTime":"2026-04-16T23:28:59.744545771Z","target":"projects/zamra-web-01/locations/asia-south1/functions/syncBufferChannels","verb":"create","cancelRequested":false,"apiVersion":"v2","requestResource":{"@type":"type.googleapis.com/google.cloud.functions.v2.Function","name":"projects/zamra-web-01/locations/asia-south1/functions/syncBufferChannels","buildConfig":{"runtime":"nodejs22","entryPoint":"syncBufferChannels","source":{"storageSource":{"bucket":"gcf-v2-sources-871356823310-asia-south1","object":"syncBufferChannels/function-source.zip","generation":"1776382139075261"}},"environmentVariables":{"GOOGLE_NODE_RUN_SCRIPTS":""},"serviceAccount":"projects/zamra-web-01/serviceAccounts/871356823310-compute@developer.gserviceaccount.com","automaticUpdatePolicy":{}},"serviceConfig":{"service":"projects/zamra-web-01/locations/asia-south1/services/syncbufferchannels","timeoutSeconds":60,"environmentVariables":{"FIREBASE_CONFIG":"{\"projectId\":\"zamra-web-01\",\"storageBucket\":\"zamra-web-01.firebasestorage.app\"}","GCLOUD_PROJECT":"zamra-web-01","EVENTARC_CLOUD_EVENT_SOURCE":"projects/zamra-web-01/locations/asia-south1/services/syncBufferChannels","FUNCTION_TARGET":"syncBufferChannels","LOG_EXECUTION_ID":"true"},"ingressSettings":"ALLOW_ALL","serviceAccountEmail":"871356823310-compute@developer.gserviceaccount.com","availableMemory":"256Mi","secretEnvironmentVariables":[{"key":"BUFFER_API_KEY","projectId":"zamra-web-01","secret":"BUFFER_API_KEY","version":"1"}],"maxInstanceRequestConcurrency":80,"availableCpu":"1"},"labels":{"deployment-tool":"cli-firebase","deployment-callable":"true","firebase-functions-hash":"04ea4a0f6d75bacd0acaef406ea34f465151f85f"},"environment":"GEN_2"},"stages":[{"name":"BUILD","state":"NOT_STARTED"},{"name":"SERVICE","state":"NOT_STARTED"}],"operationType":"CREATE_FUNCTION"},"done":false}
[debug] [2026-04-16T23:29:01.923Z] [create-default-asia-south1-syncBufferChannels] Retrying task index 0
[debug] [2026-04-16T23:29:01.923Z] Checked if tokens are valid: true, expires at: 1776385618951
[debug] [2026-04-16T23:29:01.923Z] Checked if tokens are valid: true, expires at: 1776385618951
[debug] [2026-04-16T23:29:01.923Z] >>> [apiv2][query] GET https://cloudfunctions.googleapis.com/v2/projects/zamra-web-01/locations/asia-south1/operations/operation-1776382138824-64f9c325eb638-896f07c6-4dda4bc6 [none]
[debug] [2026-04-16T23:29:02.048Z] <<< [apiv2][status] GET https://cloudfunctions.googleapis.com/v2/projects/zamra-web-01/locations/asia-south1/operations/operation-1776382138824-64f9c325eb638-896f07c6-4dda4bc6 200
[debug] [2026-04-16T23:29:02.048Z] <<< [apiv2][body] GET https://cloudfunctions.googleapis.com/v2/projects/zamra-web-01/locations/asia-south1/operations/operation-1776382138824-64f9c325eb638-896f07c6-4dda4bc6 {"name":"projects/zamra-web-01/locations/asia-south1/operations/operation-1776382138824-64f9c325eb638-896f07c6-4dda4bc6","metadata":{"@type":"type.googleapis.com/google.cloud.functions.v2.OperationMetadata","createTime":"2026-04-16T23:28:59.744545771Z","target":"projects/zamra-web-01/locations/asia-south1/functions/syncBufferChannels","verb":"create","cancelRequested":false,"apiVersion":"v2","requestResource":{"@type":"type.googleapis.com/google.cloud.functions.v2.Function","name":"projects/zamra-web-01/locations/asia-south1/functions/syncBufferChannels","buildConfig":{"runtime":"nodejs22","entryPoint":"syncBufferChannels","source":{"storageSource":{"bucket":"gcf-v2-sources-871356823310-asia-south1","object":"syncBufferChannels/function-source.zip","generation":"1776382139075261"}},"environmentVariables":{"GOOGLE_NODE_RUN_SCRIPTS":""},"serviceAccount":"projects/zamra-web-01/serviceAccounts/871356823310-compute@developer.gserviceaccount.com","automaticUpdatePolicy":{}},"serviceConfig":{"service":"projects/zamra-web-01/locations/asia-south1/services/syncbufferchannels","timeoutSeconds":60,"environmentVariables":{"FIREBASE_CONFIG":"{\"projectId\":\"zamra-web-01\",\"storageBucket\":\"zamra-web-01.firebasestorage.app\"}","GCLOUD_PROJECT":"zamra-web-01","EVENTARC_CLOUD_EVENT_SOURCE":"projects/zamra-web-01/locations/asia-south1/services/syncBufferChannels","FUNCTION_TARGET":"syncBufferChannels","LOG_EXECUTION_ID":"true"},"ingressSettings":"ALLOW_ALL","serviceAccountEmail":"871356823310-compute@developer.gserviceaccount.com","availableMemory":"256Mi","secretEnvironmentVariables":[{"key":"BUFFER_API_KEY","projectId":"zamra-web-01","secret":"BUFFER_API_KEY","version":"1"}],"maxInstanceRequestConcurrency":80,"availableCpu":"1"},"labels":{"deployment-tool":"cli-firebase","deployment-callable":"true","firebase-functions-hash":"04ea4a0f6d75bacd0acaef406ea34f465151f85f"},"environment":"GEN_2"},"stages":[{"name":"BUILD","message":"Build in progress","state":"IN_PROGRESS","resource":"projects/871356823310/locations/asia-south1/builds/4b45f489-4e20-4a0b-b184-731816c465a1","resourceUri":"https://console.cloud.google.com/cloud-build/builds;region=asia-south1/4b45f489-4e20-4a0b-b184-731816c465a1?project=871356823310"},{"name":"SERVICE","state":"NOT_STARTED"}],"operationType":"CREATE_FUNCTION","buildName":"projects/871356823310/locations/asia-south1/builds/4b45f489-4e20-4a0b-b184-731816c465a1"},"done":false}
[debug] [2026-04-16T23:29:04.048Z] [create-default-asia-south1-syncBufferChannels] Retrying task index 0
[debug] [2026-04-16T23:29:04.049Z] Checked if tokens are valid: true, expires at: 1776385618951
[debug] [2026-04-16T23:29:04.049Z] Checked if tokens are valid: true, expires at: 1776385618951
[debug] [2026-04-16T23:29:04.049Z] >>> [apiv2][query] GET https://cloudfunctions.googleapis.com/v2/projects/zamra-web-01/locations/asia-south1/operations/operation-1776382138824-64f9c325eb638-896f07c6-4dda4bc6 [none]
[debug] [2026-04-16T23:29:04.525Z] <<< [apiv2][status] GET https://cloudfunctions.googleapis.com/v2/projects/zamra-web-01/locations/asia-south1/operations/operation-1776382138824-64f9c325eb638-896f07c6-4dda4bc6 200
[debug] [2026-04-16T23:29:04.525Z] <<< [apiv2][body] GET https://cloudfunctions.googleapis.com/v2/projects/zamra-web-01/locations/asia-south1/operations/operation-1776382138824-64f9c325eb638-896f07c6-4dda4bc6 {"name":"projects/zamra-web-01/locations/asia-south1/operations/operation-1776382138824-64f9c325eb638-896f07c6-4dda4bc6","metadata":{"@type":"type.googleapis.com/google.cloud.functions.v2.OperationMetadata","createTime":"2026-04-16T23:28:59.744545771Z","target":"projects/zamra-web-01/locations/asia-south1/functions/syncBufferChannels","verb":"create","cancelRequested":false,"apiVersion":"v2","requestResource":{"@type":"type.googleapis.com/google.cloud.functions.v2.Function","name":"projects/zamra-web-01/locations/asia-south1/functions/syncBufferChannels","buildConfig":{"runtime":"nodejs22","entryPoint":"syncBufferChannels","source":{"storageSource":{"bucket":"gcf-v2-sources-871356823310-asia-south1","object":"syncBufferChannels/function-source.zip","generation":"1776382139075261"}},"environmentVariables":{"GOOGLE_NODE_RUN_SCRIPTS":""},"serviceAccount":"projects/zamra-web-01/serviceAccounts/871356823310-compute@developer.gserviceaccount.com","automaticUpdatePolicy":{}},"serviceConfig":{"service":"projects/zamra-web-01/locations/asia-south1/services/syncbufferchannels","timeoutSeconds":60,"environmentVariables":{"FIREBASE_CONFIG":"{\"projectId\":\"zamra-web-01\",\"storageBucket\":\"zamra-web-01.firebasestorage.app\"}","GCLOUD_PROJECT":"zamra-web-01","EVENTARC_CLOUD_EVENT_SOURCE":"projects/zamra-web-01/locations/asia-south1/services/syncBufferChannels","FUNCTION_TARGET":"syncBufferChannels","LOG_EXECUTION_ID":"true"},"ingressSettings":"ALLOW_ALL","serviceAccountEmail":"871356823310-compute@developer.gserviceaccount.com","availableMemory":"256Mi","secretEnvironmentVariables":[{"key":"BUFFER_API_KEY","projectId":"zamra-web-01","secret":"BUFFER_API_KEY","version":"1"}],"maxInstanceRequestConcurrency":80,"availableCpu":"1"},"labels":{"deployment-tool":"cli-firebase","deployment-callable":"true","firebase-functions-hash":"04ea4a0f6d75bacd0acaef406ea34f465151f85f"},"environment":"GEN_2"},"stages":[{"name":"BUILD","message":"Build in progress","state":"IN_PROGRESS","resource":"projects/871356823310/locations/asia-south1/builds/4b45f489-4e20-4a0b-b184-731816c465a1","resourceUri":"https://console.cloud.google.com/cloud-build/builds;region=asia-south1/4b45f489-4e20-4a0b-b184-731816c465a1?project=871356823310"},{"name":"SERVICE","state":"NOT_STARTED"}],"operationType":"CREATE_FUNCTION","buildName":"projects/871356823310/locations/asia-south1/builds/4b45f489-4e20-4a0b-b184-731816c465a1"},"done":false}
[debug] [2026-04-16T23:29:08.532Z] [create-default-asia-south1-syncBufferChannels] Retrying task index 0
[debug] [2026-04-16T23:29:08.539Z] Checked if tokens are valid: true, expires at: 1776385618951
[debug] [2026-04-16T23:29:08.539Z] Checked if tokens are valid: true, expires at: 1776385618951
[debug] [2026-04-16T23:29:08.540Z] >>> [apiv2][query] GET https://cloudfunctions.googleapis.com/v2/projects/zamra-web-01/locations/asia-south1/operations/operation-1776382138824-64f9c325eb638-896f07c6-4dda4bc6 [none]
[debug] [2026-04-16T23:29:09.023Z] <<< [apiv2][status] GET https://cloudfunctions.googleapis.com/v2/projects/zamra-web-01/locations/asia-south1/operations/operation-1776382138824-64f9c325eb638-896f07c6-4dda4bc6 200
[debug] [2026-04-16T23:29:09.023Z] <<< [apiv2][body] GET https://cloudfunctions.googleapis.com/v2/projects/zamra-web-01/locations/asia-south1/operations/operation-1776382138824-64f9c325eb638-896f07c6-4dda4bc6 {"name":"projects/zamra-web-01/locations/asia-south1/operations/operation-1776382138824-64f9c325eb638-896f07c6-4dda4bc6","metadata":{"@type":"type.googleapis.com/google.cloud.functions.v2.OperationMetadata","createTime":"2026-04-16T23:28:59.744545771Z","target":"projects/zamra-web-01/locations/asia-south1/functions/syncBufferChannels","verb":"create","cancelRequested":false,"apiVersion":"v2","requestResource":{"@type":"type.googleapis.com/google.cloud.functions.v2.Function","name":"projects/zamra-web-01/locations/asia-south1/functions/syncBufferChannels","buildConfig":{"runtime":"nodejs22","entryPoint":"syncBufferChannels","source":{"storageSource":{"bucket":"gcf-v2-sources-871356823310-asia-south1","object":"syncBufferChannels/function-source.zip","generation":"1776382139075261"}},"environmentVariables":{"GOOGLE_NODE_RUN_SCRIPTS":""},"serviceAccount":"projects/zamra-web-01/serviceAccounts/871356823310-compute@developer.gserviceaccount.com","automaticUpdatePolicy":{}},"serviceConfig":{"service":"projects/zamra-web-01/locations/asia-south1/services/syncbufferchannels","timeoutSeconds":60,"environmentVariables":{"FIREBASE_CONFIG":"{\"projectId\":\"zamra-web-01\",\"storageBucket\":\"zamra-web-01.firebasestorage.app\"}","GCLOUD_PROJECT":"zamra-web-01","EVENTARC_CLOUD_EVENT_SOURCE":"projects/zamra-web-01/locations/asia-south1/services/syncBufferChannels","FUNCTION_TARGET":"syncBufferChannels","LOG_EXECUTION_ID":"true"},"ingressSettings":"ALLOW_ALL","serviceAccountEmail":"871356823310-compute@developer.gserviceaccount.com","availableMemory":"256Mi","secretEnvironmentVariables":[{"key":"BUFFER_API_KEY","projectId":"zamra-web-01","secret":"BUFFER_API_KEY","version":"1"}],"maxInstanceRequestConcurrency":80,"availableCpu":"1"},"labels":{"deployment-tool":"cli-firebase","deployment-callable":"true","firebase-functions-hash":"04ea4a0f6d75bacd0acaef406ea34f465151f85f"},"environment":"GEN_2"},"stages":[{"name":"BUILD","message":"Build in progress","state":"IN_PROGRESS","resource":"projects/871356823310/locations/asia-south1/builds/4b45f489-4e20-4a0b-b184-731816c465a1","resourceUri":"https://console.cloud.google.com/cloud-build/builds;region=asia-south1/4b45f489-4e20-4a0b-b184-731816c465a1?project=871356823310"},{"name":"SERVICE","state":"NOT_STARTED"}],"operationType":"CREATE_FUNCTION","buildName":"projects/871356823310/locations/asia-south1/builds/4b45f489-4e20-4a0b-b184-731816c465a1"},"done":false}
[debug] [2026-04-16T23:29:17.025Z] [create-default-asia-south1-syncBufferChannels] Retrying task index 0
[debug] [2026-04-16T23:29:17.026Z] Checked if tokens are valid: true, expires at: 1776385618951
[debug] [2026-04-16T23:29:17.027Z] Checked if tokens are valid: true, expires at: 1776385618951
[debug] [2026-04-16T23:29:17.028Z] >>> [apiv2][query] GET https://cloudfunctions.googleapis.com/v2/projects/zamra-web-01/locations/asia-south1/operations/operation-1776382138824-64f9c325eb638-896f07c6-4dda4bc6 [none]
[debug] [2026-04-16T23:29:17.581Z] <<< [apiv2][status] GET https://cloudfunctions.googleapis.com/v2/projects/zamra-web-01/locations/asia-south1/operations/operation-1776382138824-64f9c325eb638-896f07c6-4dda4bc6 200
[debug] [2026-04-16T23:29:17.582Z] <<< [apiv2][body] GET https://cloudfunctions.googleapis.com/v2/projects/zamra-web-01/locations/asia-south1/operations/operation-1776382138824-64f9c325eb638-896f07c6-4dda4bc6 {"name":"projects/zamra-web-01/locations/asia-south1/operations/operation-1776382138824-64f9c325eb638-896f07c6-4dda4bc6","metadata":{"@type":"type.googleapis.com/google.cloud.functions.v2.OperationMetadata","createTime":"2026-04-16T23:28:59.744545771Z","target":"projects/zamra-web-01/locations/asia-south1/functions/syncBufferChannels","verb":"create","cancelRequested":false,"apiVersion":"v2","requestResource":{"@type":"type.googleapis.com/google.cloud.functions.v2.Function","name":"projects/zamra-web-01/locations/asia-south1/functions/syncBufferChannels","buildConfig":{"runtime":"nodejs22","entryPoint":"syncBufferChannels","source":{"storageSource":{"bucket":"gcf-v2-sources-871356823310-asia-south1","object":"syncBufferChannels/function-source.zip","generation":"1776382139075261"}},"environmentVariables":{"GOOGLE_NODE_RUN_SCRIPTS":""},"serviceAccount":"projects/zamra-web-01/serviceAccounts/871356823310-compute@developer.gserviceaccount.com","automaticUpdatePolicy":{}},"serviceConfig":{"service":"projects/zamra-web-01/locations/asia-south1/services/syncbufferchannels","timeoutSeconds":60,"environmentVariables":{"FIREBASE_CONFIG":"{\"projectId\":\"zamra-web-01\",\"storageBucket\":\"zamra-web-01.firebasestorage.app\"}","GCLOUD_PROJECT":"zamra-web-01","EVENTARC_CLOUD_EVENT_SOURCE":"projects/zamra-web-01/locations/asia-south1/services/syncBufferChannels","FUNCTION_TARGET":"syncBufferChannels","LOG_EXECUTION_ID":"true"},"ingressSettings":"ALLOW_ALL","serviceAccountEmail":"871356823310-compute@developer.gserviceaccount.com","availableMemory":"256Mi","secretEnvironmentVariables":[{"key":"BUFFER_API_KEY","projectId":"zamra-web-01","secret":"BUFFER_API_KEY","version":"1"}],"maxInstanceRequestConcurrency":80,"availableCpu":"1"},"labels":{"deployment-tool":"cli-firebase","deployment-callable":"true","firebase-functions-hash":"04ea4a0f6d75bacd0acaef406ea34f465151f85f"},"environment":"GEN_2"},"stages":[{"name":"BUILD","message":"Build in progress","state":"IN_PROGRESS","resource":"projects/871356823310/locations/asia-south1/builds/4b45f489-4e20-4a0b-b184-731816c465a1","resourceUri":"https://console.cloud.google.com/cloud-build/builds;region=asia-south1/4b45f489-4e20-4a0b-b184-731816c465a1?project=871356823310"},{"name":"SERVICE","state":"NOT_STARTED"}],"operationType":"CREATE_FUNCTION","buildName":"projects/871356823310/locations/asia-south1/builds/4b45f489-4e20-4a0b-b184-731816c465a1"},"done":false}
[debug] [2026-04-16T23:29:27.585Z] [create-default-asia-south1-syncBufferChannels] Retrying task index 0
[debug] [2026-04-16T23:29:27.591Z] Checked if tokens are valid: true, expires at: 1776385618951
[debug] [2026-04-16T23:29:27.591Z] Checked if tokens are valid: true, expires at: 1776385618951
[debug] [2026-04-16T23:29:27.592Z] >>> [apiv2][query] GET https://cloudfunctions.googleapis.com/v2/projects/zamra-web-01/locations/asia-south1/operations/operation-1776382138824-64f9c325eb638-896f07c6-4dda4bc6 [none]
[debug] [2026-04-16T23:29:28.144Z] <<< [apiv2][status] GET https://cloudfunctions.googleapis.com/v2/projects/zamra-web-01/locations/asia-south1/operations/operation-1776382138824-64f9c325eb638-896f07c6-4dda4bc6 200
[debug] [2026-04-16T23:29:28.144Z] <<< [apiv2][body] GET https://cloudfunctions.googleapis.com/v2/projects/zamra-web-01/locations/asia-south1/operations/operation-1776382138824-64f9c325eb638-896f07c6-4dda4bc6 {"name":"projects/zamra-web-01/locations/asia-south1/operations/operation-1776382138824-64f9c325eb638-896f07c6-4dda4bc6","metadata":{"@type":"type.googleapis.com/google.cloud.functions.v2.OperationMetadata","createTime":"2026-04-16T23:28:59.744545771Z","target":"projects/zamra-web-01/locations/asia-south1/functions/syncBufferChannels","verb":"create","cancelRequested":false,"apiVersion":"v2","requestResource":{"@type":"type.googleapis.com/google.cloud.functions.v2.Function","name":"projects/zamra-web-01/locations/asia-south1/functions/syncBufferChannels","buildConfig":{"runtime":"nodejs22","entryPoint":"syncBufferChannels","source":{"storageSource":{"bucket":"gcf-v2-sources-871356823310-asia-south1","object":"syncBufferChannels/function-source.zip","generation":"1776382139075261"}},"environmentVariables":{"GOOGLE_NODE_RUN_SCRIPTS":""},"serviceAccount":"projects/zamra-web-01/serviceAccounts/871356823310-compute@developer.gserviceaccount.com","automaticUpdatePolicy":{}},"serviceConfig":{"service":"projects/zamra-web-01/locations/asia-south1/services/syncbufferchannels","timeoutSeconds":60,"environmentVariables":{"FIREBASE_CONFIG":"{\"projectId\":\"zamra-web-01\",\"storageBucket\":\"zamra-web-01.firebasestorage.app\"}","GCLOUD_PROJECT":"zamra-web-01","EVENTARC_CLOUD_EVENT_SOURCE":"projects/zamra-web-01/locations/asia-south1/services/syncBufferChannels","FUNCTION_TARGET":"syncBufferChannels","LOG_EXECUTION_ID":"true"},"ingressSettings":"ALLOW_ALL","serviceAccountEmail":"871356823310-compute@developer.gserviceaccount.com","availableMemory":"256Mi","secretEnvironmentVariables":[{"key":"BUFFER_API_KEY","projectId":"zamra-web-01","secret":"BUFFER_API_KEY","version":"1"}],"maxInstanceRequestConcurrency":80,"availableCpu":"1"},"labels":{"deployment-tool":"cli-firebase","deployment-callable":"true","firebase-functions-hash":"04ea4a0f6d75bacd0acaef406ea34f465151f85f"},"environment":"GEN_2"},"stages":[{"name":"BUILD","message":"Build in progress","state":"IN_PROGRESS","resource":"projects/871356823310/locations/asia-south1/builds/4b45f489-4e20-4a0b-b184-731816c465a1","resourceUri":"https://console.cloud.google.com/cloud-build/builds;region=asia-south1/4b45f489-4e20-4a0b-b184-731816c465a1?project=871356823310"},{"name":"SERVICE","state":"NOT_STARTED"}],"operationType":"CREATE_FUNCTION","buildName":"projects/871356823310/locations/asia-south1/builds/4b45f489-4e20-4a0b-b184-731816c465a1"},"done":false}
[debug] [2026-04-16T23:29:38.146Z] [create-default-asia-south1-syncBufferChannels] Retrying task index 0
[debug] [2026-04-16T23:29:38.148Z] Checked if tokens are valid: true, expires at: 1776385618951
[debug] [2026-04-16T23:29:38.148Z] Checked if tokens are valid: true, expires at: 1776385618951
[debug] [2026-04-16T23:29:38.149Z] >>> [apiv2][query] GET https://cloudfunctions.googleapis.com/v2/projects/zamra-web-01/locations/asia-south1/operations/operation-1776382138824-64f9c325eb638-896f07c6-4dda4bc6 [none]
[debug] [2026-04-16T23:29:38.718Z] <<< [apiv2][status] GET https://cloudfunctions.googleapis.com/v2/projects/zamra-web-01/locations/asia-south1/operations/operation-1776382138824-64f9c325eb638-896f07c6-4dda4bc6 200
[debug] [2026-04-16T23:29:38.718Z] <<< [apiv2][body] GET https://cloudfunctions.googleapis.com/v2/projects/zamra-web-01/locations/asia-south1/operations/operation-1776382138824-64f9c325eb638-896f07c6-4dda4bc6 {"name":"projects/zamra-web-01/locations/asia-south1/operations/operation-1776382138824-64f9c325eb638-896f07c6-4dda4bc6","metadata":{"@type":"type.googleapis.com/google.cloud.functions.v2.OperationMetadata","createTime":"2026-04-16T23:28:59.744545771Z","target":"projects/zamra-web-01/locations/asia-south1/functions/syncBufferChannels","verb":"create","cancelRequested":false,"apiVersion":"v2","requestResource":{"@type":"type.googleapis.com/google.cloud.functions.v2.Function","name":"projects/zamra-web-01/locations/asia-south1/functions/syncBufferChannels","buildConfig":{"runtime":"nodejs22","entryPoint":"syncBufferChannels","source":{"storageSource":{"bucket":"gcf-v2-sources-871356823310-asia-south1","object":"syncBufferChannels/function-source.zip","generation":"1776382139075261"}},"environmentVariables":{"GOOGLE_NODE_RUN_SCRIPTS":""},"serviceAccount":"projects/zamra-web-01/serviceAccounts/871356823310-compute@developer.gserviceaccount.com","automaticUpdatePolicy":{}},"serviceConfig":{"service":"projects/zamra-web-01/locations/asia-south1/services/syncbufferchannels","timeoutSeconds":60,"environmentVariables":{"FIREBASE_CONFIG":"{\"projectId\":\"zamra-web-01\",\"storageBucket\":\"zamra-web-01.firebasestorage.app\"}","GCLOUD_PROJECT":"zamra-web-01","EVENTARC_CLOUD_EVENT_SOURCE":"projects/zamra-web-01/locations/asia-south1/services/syncBufferChannels","FUNCTION_TARGET":"syncBufferChannels","LOG_EXECUTION_ID":"true"},"ingressSettings":"ALLOW_ALL","serviceAccountEmail":"871356823310-compute@developer.gserviceaccount.com","availableMemory":"256Mi","secretEnvironmentVariables":[{"key":"BUFFER_API_KEY","projectId":"zamra-web-01","secret":"BUFFER_API_KEY","version":"1"}],"maxInstanceRequestConcurrency":80,"availableCpu":"1"},"labels":{"deployment-tool":"cli-firebase","deployment-callable":"true","firebase-functions-hash":"04ea4a0f6d75bacd0acaef406ea34f465151f85f"},"environment":"GEN_2"},"stages":[{"name":"BUILD","message":"Build in progress","state":"IN_PROGRESS","resource":"projects/871356823310/locations/asia-south1/builds/4b45f489-4e20-4a0b-b184-731816c465a1","resourceUri":"https://console.cloud.google.com/cloud-build/builds;region=asia-south1/4b45f489-4e20-4a0b-b184-731816c465a1?project=871356823310"},{"name":"SERVICE","state":"NOT_STARTED"}],"operationType":"CREATE_FUNCTION","buildName":"projects/871356823310/locations/asia-south1/builds/4b45f489-4e20-4a0b-b184-731816c465a1"},"done":false}
[debug] [2026-04-16T23:29:48.719Z] [create-default-asia-south1-syncBufferChannels] Retrying task index 0
[debug] [2026-04-16T23:29:48.722Z] Checked if tokens are valid: true, expires at: 1776385618951
[debug] [2026-04-16T23:29:48.722Z] Checked if tokens are valid: true, expires at: 1776385618951
[debug] [2026-04-16T23:29:48.723Z] >>> [apiv2][query] GET https://cloudfunctions.googleapis.com/v2/projects/zamra-web-01/locations/asia-south1/operations/operation-1776382138824-64f9c325eb638-896f07c6-4dda4bc6 [none]
[debug] [2026-04-16T23:29:49.261Z] <<< [apiv2][status] GET https://cloudfunctions.googleapis.com/v2/projects/zamra-web-01/locations/asia-south1/operations/operation-1776382138824-64f9c325eb638-896f07c6-4dda4bc6 200
[debug] [2026-04-16T23:29:49.262Z] <<< [apiv2][body] GET https://cloudfunctions.googleapis.com/v2/projects/zamra-web-01/locations/asia-south1/operations/operation-1776382138824-64f9c325eb638-896f07c6-4dda4bc6 {"name":"projects/zamra-web-01/locations/asia-south1/operations/operation-1776382138824-64f9c325eb638-896f07c6-4dda4bc6","metadata":{"@type":"type.googleapis.com/google.cloud.functions.v2.OperationMetadata","createTime":"2026-04-16T23:28:59.744545771Z","target":"projects/zamra-web-01/locations/asia-south1/functions/syncBufferChannels","verb":"create","cancelRequested":false,"apiVersion":"v2","requestResource":{"@type":"type.googleapis.com/google.cloud.functions.v2.Function","name":"projects/zamra-web-01/locations/asia-south1/functions/syncBufferChannels","buildConfig":{"runtime":"nodejs22","entryPoint":"syncBufferChannels","source":{"storageSource":{"bucket":"gcf-v2-sources-871356823310-asia-south1","object":"syncBufferChannels/function-source.zip","generation":"1776382139075261"}},"environmentVariables":{"GOOGLE_NODE_RUN_SCRIPTS":""},"serviceAccount":"projects/zamra-web-01/serviceAccounts/871356823310-compute@developer.gserviceaccount.com","automaticUpdatePolicy":{}},"serviceConfig":{"service":"projects/zamra-web-01/locations/asia-south1/services/syncbufferchannels","timeoutSeconds":60,"environmentVariables":{"FIREBASE_CONFIG":"{\"projectId\":\"zamra-web-01\",\"storageBucket\":\"zamra-web-01.firebasestorage.app\"}","GCLOUD_PROJECT":"zamra-web-01","EVENTARC_CLOUD_EVENT_SOURCE":"projects/zamra-web-01/locations/asia-south1/services/syncBufferChannels","FUNCTION_TARGET":"syncBufferChannels","LOG_EXECUTION_ID":"true"},"ingressSettings":"ALLOW_ALL","serviceAccountEmail":"871356823310-compute@developer.gserviceaccount.com","availableMemory":"256Mi","secretEnvironmentVariables":[{"key":"BUFFER_API_KEY","projectId":"zamra-web-01","secret":"BUFFER_API_KEY","version":"1"}],"maxInstanceRequestConcurrency":80,"availableCpu":"1"},"labels":{"deployment-tool":"cli-firebase","deployment-callable":"true","firebase-functions-hash":"04ea4a0f6d75bacd0acaef406ea34f465151f85f"},"environment":"GEN_2"},"stages":[{"name":"BUILD","message":"Build in progress","state":"IN_PROGRESS","resource":"projects/871356823310/locations/asia-south1/builds/4b45f489-4e20-4a0b-b184-731816c465a1","resourceUri":"https://console.cloud.google.com/cloud-build/builds;region=asia-south1/4b45f489-4e20-4a0b-b184-731816c465a1?project=871356823310"},{"name":"SERVICE","state":"NOT_STARTED"}],"operationType":"CREATE_FUNCTION","buildName":"projects/871356823310/locations/asia-south1/builds/4b45f489-4e20-4a0b-b184-731816c465a1"},"done":false}
[debug] [2026-04-16T23:29:59.263Z] [create-default-asia-south1-syncBufferChannels] Retrying task index 0
[debug] [2026-04-16T23:29:59.264Z] Checked if tokens are valid: true, expires at: 1776385618951
[debug] [2026-04-16T23:29:59.264Z] Checked if tokens are valid: true, expires at: 1776385618951
[debug] [2026-04-16T23:29:59.265Z] >>> [apiv2][query] GET https://cloudfunctions.googleapis.com/v2/projects/zamra-web-01/locations/asia-south1/operations/operation-1776382138824-64f9c325eb638-896f07c6-4dda4bc6 [none]
[debug] [2026-04-16T23:29:59.726Z] <<< [apiv2][status] GET https://cloudfunctions.googleapis.com/v2/projects/zamra-web-01/locations/asia-south1/operations/operation-1776382138824-64f9c325eb638-896f07c6-4dda4bc6 200
[debug] [2026-04-16T23:29:59.726Z] <<< [apiv2][body] GET https://cloudfunctions.googleapis.com/v2/projects/zamra-web-01/locations/asia-south1/operations/operation-1776382138824-64f9c325eb638-896f07c6-4dda4bc6 {"name":"projects/zamra-web-01/locations/asia-south1/operations/operation-1776382138824-64f9c325eb638-896f07c6-4dda4bc6","metadata":{"@type":"type.googleapis.com/google.cloud.functions.v2.OperationMetadata","createTime":"2026-04-16T23:28:59.744545771Z","target":"projects/zamra-web-01/locations/asia-south1/functions/syncBufferChannels","verb":"create","cancelRequested":false,"apiVersion":"v2","requestResource":{"@type":"type.googleapis.com/google.cloud.functions.v2.Function","name":"projects/zamra-web-01/locations/asia-south1/functions/syncBufferChannels","buildConfig":{"runtime":"nodejs22","entryPoint":"syncBufferChannels","source":{"storageSource":{"bucket":"gcf-v2-sources-871356823310-asia-south1","object":"syncBufferChannels/function-source.zip","generation":"1776382139075261"}},"environmentVariables":{"GOOGLE_NODE_RUN_SCRIPTS":""},"serviceAccount":"projects/zamra-web-01/serviceAccounts/871356823310-compute@developer.gserviceaccount.com","automaticUpdatePolicy":{}},"serviceConfig":{"service":"projects/zamra-web-01/locations/asia-south1/services/syncbufferchannels","timeoutSeconds":60,"environmentVariables":{"FIREBASE_CONFIG":"{\"projectId\":\"zamra-web-01\",\"storageBucket\":\"zamra-web-01.firebasestorage.app\"}","GCLOUD_PROJECT":"zamra-web-01","EVENTARC_CLOUD_EVENT_SOURCE":"projects/zamra-web-01/locations/asia-south1/services/syncBufferChannels","FUNCTION_TARGET":"syncBufferChannels","LOG_EXECUTION_ID":"true"},"ingressSettings":"ALLOW_ALL","serviceAccountEmail":"871356823310-compute@developer.gserviceaccount.com","availableMemory":"256Mi","secretEnvironmentVariables":[{"key":"BUFFER_API_KEY","projectId":"zamra-web-01","secret":"BUFFER_API_KEY","version":"1"}],"maxInstanceRequestConcurrency":80,"availableCpu":"1"},"labels":{"deployment-tool":"cli-firebase","deployment-callable":"true","firebase-functions-hash":"04ea4a0f6d75bacd0acaef406ea34f465151f85f"},"environment":"GEN_2"},"stages":[{"name":"BUILD","message":"Build in progress","state":"IN_PROGRESS","resource":"projects/871356823310/locations/asia-south1/builds/4b45f489-4e20-4a0b-b184-731816c465a1","resourceUri":"https://console.cloud.google.com/cloud-build/builds;region=asia-south1/4b45f489-4e20-4a0b-b184-731816c465a1?project=871356823310"},{"name":"SERVICE","state":"NOT_STARTED"}],"operationType":"CREATE_FUNCTION","buildName":"projects/871356823310/locations/asia-south1/builds/4b45f489-4e20-4a0b-b184-731816c465a1"},"done":false}
[debug] [2026-04-16T23:30:09.728Z] [create-default-asia-south1-syncBufferChannels] Retrying task index 0
[debug] [2026-04-16T23:30:09.730Z] Checked if tokens are valid: true, expires at: 1776385618951
[debug] [2026-04-16T23:30:09.730Z] Checked if tokens are valid: true, expires at: 1776385618951
[debug] [2026-04-16T23:30:09.730Z] >>> [apiv2][query] GET https://cloudfunctions.googleapis.com/v2/projects/zamra-web-01/locations/asia-south1/operations/operation-1776382138824-64f9c325eb638-896f07c6-4dda4bc6 [none]
[debug] [2026-04-16T23:30:10.191Z] <<< [apiv2][status] GET https://cloudfunctions.googleapis.com/v2/projects/zamra-web-01/locations/asia-south1/operations/operation-1776382138824-64f9c325eb638-896f07c6-4dda4bc6 200
[debug] [2026-04-16T23:30:10.191Z] <<< [apiv2][body] GET https://cloudfunctions.googleapis.com/v2/projects/zamra-web-01/locations/asia-south1/operations/operation-1776382138824-64f9c325eb638-896f07c6-4dda4bc6 {"name":"projects/zamra-web-01/locations/asia-south1/operations/operation-1776382138824-64f9c325eb638-896f07c6-4dda4bc6","metadata":{"@type":"type.googleapis.com/google.cloud.functions.v2.OperationMetadata","createTime":"2026-04-16T23:28:59.744545771Z","target":"projects/zamra-web-01/locations/asia-south1/functions/syncBufferChannels","verb":"create","cancelRequested":false,"apiVersion":"v2","requestResource":{"@type":"type.googleapis.com/google.cloud.functions.v2.Function","name":"projects/zamra-web-01/locations/asia-south1/functions/syncBufferChannels","buildConfig":{"runtime":"nodejs22","entryPoint":"syncBufferChannels","source":{"storageSource":{"bucket":"gcf-v2-sources-871356823310-asia-south1","object":"syncBufferChannels/function-source.zip","generation":"1776382139075261"}},"environmentVariables":{"GOOGLE_NODE_RUN_SCRIPTS":""},"serviceAccount":"projects/zamra-web-01/serviceAccounts/871356823310-compute@developer.gserviceaccount.com","automaticUpdatePolicy":{}},"serviceConfig":{"service":"projects/zamra-web-01/locations/asia-south1/services/syncbufferchannels","timeoutSeconds":60,"environmentVariables":{"FIREBASE_CONFIG":"{\"projectId\":\"zamra-web-01\",\"storageBucket\":\"zamra-web-01.firebasestorage.app\"}","GCLOUD_PROJECT":"zamra-web-01","EVENTARC_CLOUD_EVENT_SOURCE":"projects/zamra-web-01/locations/asia-south1/services/syncBufferChannels","FUNCTION_TARGET":"syncBufferChannels","LOG_EXECUTION_ID":"true"},"ingressSettings":"ALLOW_ALL","serviceAccountEmail":"871356823310-compute@developer.gserviceaccount.com","availableMemory":"256Mi","secretEnvironmentVariables":[{"key":"BUFFER_API_KEY","projectId":"zamra-web-01","secret":"BUFFER_API_KEY","version":"1"}],"maxInstanceRequestConcurrency":80,"availableCpu":"1"},"labels":{"deployment-tool":"cli-firebase","deployment-callable":"true","firebase-functions-hash":"04ea4a0f6d75bacd0acaef406ea34f465151f85f"},"environment":"GEN_2"},"stages":[{"name":"BUILD","message":"Build finished","state":"COMPLETE","resource":"projects/871356823310/locations/asia-south1/builds/4b45f489-4e20-4a0b-b184-731816c465a1","resourceUri":"https://console.cloud.google.com/cloud-build/builds;region=asia-south1/4b45f489-4e20-4a0b-b184-731816c465a1?project=871356823310"},{"name":"SERVICE","message":"Creating Cloud Run service","state":"IN_PROGRESS","resource":"projects/zamra-web-01/locations/asia-south1/services/syncbufferchannels","resourceUri":"https://console.cloud.google.com/run/detail/asia-south1/syncbufferchannels?project=zamra-web-01"}],"sourceToken":"Cldwcm9qZWN0cy84NzEzNTY4MjMzMTAvbG9jYXRpb25zL2FzaWEtc291dGgxL2J1aWxkcy80YjQ1ZjQ4OS00ZTIwLTRhMGItYjE4NC03MzE4MTZjNDY1YTEScmFzaWEtc291dGgxLWRvY2tlci5wa2cuZGV2L3phbXJhLXdlYi0wMS9nY2YtYXJ0aWZhY3RzL3phbXJhLS13ZWItLTAxX19hc2lhLS1zb3V0aDFfX3N5bmNfYnVmZmVyX2NoYW5uZWxzOnZlcnNpb25fMRiO7qeHrhkiSHByb2plY3RzL3phbXJhLXdlYi0wMS9sb2NhdGlvbnMvYXNpYS1zb3V0aDEvZnVuY3Rpb25zL3N5bmNCdWZmZXJDaGFubmVscyoMCP7hhc8GENja04cBMghub2RlanMyMjp2CiNnY3IuaW8vZ2FlLXJ1bnRpbWVzL25vZGVqczIyOnN0YWJsZRJPYXNpYS1zb3V0aDEtZG9ja2VyLnBrZy5kZXYvc2VydmVybGVzcy1ydW50aW1lcy9nb29nbGUtMjItZnVsbC9ydW50aW1lcy9ub2RlanMyMkAB","operationType":"CREATE_FUNCTION","buildName":"projects/871356823310/locations/asia-south1/builds/4b45f489-4e20-4a0b-b184-731816c465a1"},"done":false}
[debug] [2026-04-16T23:30:10.191Z] Got source token Cldwcm9qZWN0cy84NzEzNTY4MjMzMTAvbG9jYXRpb25zL2FzaWEtc291dGgxL2J1aWxkcy80YjQ1ZjQ4OS00ZTIwLTRhMGItYjE4NC03MzE4MTZjNDY1YTEScmFzaWEtc291dGgxLWRvY2tlci5wa2cuZGV2L3phbXJhLXdlYi0wMS9nY2YtYXJ0aWZhY3RzL3phbXJhLS13ZWItLTAxX19hc2lhLS1zb3V0aDFfX3N5bmNfYnVmZmVyX2NoYW5uZWxzOnZlcnNpb25fMRiO7qeHrhkiSHByb2plY3RzL3phbXJhLXdlYi0wMS9sb2NhdGlvbnMvYXNpYS1zb3V0aDEvZnVuY3Rpb25zL3N5bmNCdWZmZXJDaGFubmVscyoMCP7hhc8GENja04cBMghub2RlanMyMjp2CiNnY3IuaW8vZ2FlLXJ1bnRpbWVzL25vZGVqczIyOnN0YWJsZRJPYXNpYS1zb3V0aDEtZG9ja2VyLnBrZy5kZXYvc2VydmVybGVzcy1ydW50aW1lcy9nb29nbGUtMjItZnVsbC9ydW50aW1lcy9ub2RlanMyMkAB for region asia-south1
[debug] [2026-04-16T23:30:10.192Z] Checked if tokens are valid: true, expires at: 1776385618951
[debug] [2026-04-16T23:30:10.192Z] Checked if tokens are valid: true, expires at: 1776385618951
[debug] [2026-04-16T23:30:10.192Z] >>> [apiv2][query] POST https://cloudfunctions.googleapis.com/v2/projects/zamra-web-01/locations/asia-south1/functions functionId=postSocialQueueToBuffer
[debug] [2026-04-16T23:30:10.192Z] >>> [apiv2][body] POST https://cloudfunctions.googleapis.com/v2/projects/zamra-web-01/locations/asia-south1/functions {"name":"projects/zamra-web-01/locations/asia-south1/functions/postSocialQueueToBuffer","buildConfig":{"runtime":"nodejs22","entryPoint":"postSocialQueueToBuffer","source":{"storageSource":{"bucket":"gcf-v2-uploads-871356823310.asia-south1.cloudfunctions.appspot.com","object":"57411583-24d5-4d27-82ed-f9bd7a8b4e9a.zip"}},"environmentVariables":{"GOOGLE_NODE_RUN_SCRIPTS":""},"sourceToken":"Cldwcm9qZWN0cy84NzEzNTY4MjMzMTAvbG9jYXRpb25zL2FzaWEtc291dGgxL2J1aWxkcy80YjQ1ZjQ4OS00ZTIwLTRhMGItYjE4NC03MzE4MTZjNDY1YTEScmFzaWEtc291dGgxLWRvY2tlci5wa2cuZGV2L3phbXJhLXdlYi0wMS9nY2YtYXJ0aWZhY3RzL3phbXJhLS13ZWItLTAxX19hc2lhLS1zb3V0aDFfX3N5bmNfYnVmZmVyX2NoYW5uZWxzOnZlcnNpb25fMRiO7qeHrhkiSHByb2plY3RzL3phbXJhLXdlYi0wMS9sb2NhdGlvbnMvYXNpYS1zb3V0aDEvZnVuY3Rpb25zL3N5bmNCdWZmZXJDaGFubmVscyoMCP7hhc8GENja04cBMghub2RlanMyMjp2CiNnY3IuaW8vZ2FlLXJ1bnRpbWVzL25vZGVqczIyOnN0YWJsZRJPYXNpYS1zb3V0aDEtZG9ja2VyLnBrZy5kZXYvc2VydmVybGVzcy1ydW50aW1lcy9nb29nbGUtMjItZnVsbC9ydW50aW1lcy9ub2RlanMyMkAB"},"serviceConfig":{"environmentVariables":{"FIREBASE_CONFIG":"{\"projectId\":\"zamra-web-01\",\"storageBucket\":\"zamra-web-01.firebasestorage.app\"}","GCLOUD_PROJECT":"zamra-web-01","EVENTARC_CLOUD_EVENT_SOURCE":"projects/zamra-web-01/locations/asia-south1/services/postSocialQueueToBuffer","FUNCTION_SIGNATURE_TYPE":"cloudevent","FUNCTION_TARGET":"postSocialQueueToBuffer","LOG_EXECUTION_ID":"true"},"secretEnvironmentVariables":[{"key":"BUFFER_API_KEY","secret":"BUFFER_API_KEY","projectId":"zamra-web-01","version":"1"}],"ingressSettings":null,"timeoutSeconds":null,"serviceAccountEmail":null,"availableMemory":"256Mi","minInstanceCount":null,"maxInstanceCount":null,"maxInstanceRequestConcurrency":80,"availableCpu":"1","vpcConnector":null,"vpcConnectorEgressSettings":null,"directVpcNetworkInterface":null,"directVpcEgress":null},"labels":{"deployment-tool":"cli-firebase","firebase-functions-hash":"04ea4a0f6d75bacd0acaef406ea34f465151f85f"},"eventTrigger":{"eventType":"google.cloud.firestore.document.v1.created","retryPolicy":"RETRY_POLICY_DO_NOT_RETRY","eventFilters":[{"attribute":"database","value":"(default)"},{"attribute":"namespace","value":"(default)"},{"attribute":"document","value":"social_queue/{queueId}","operator":"match-path-pattern"}],"triggerRegion":"nam5"}}
[debug] [2026-04-16T23:30:20.192Z] [create-default-asia-south1-syncBufferChannels] Retrying task index 0
[debug] [2026-04-16T23:30:20.194Z] Checked if tokens are valid: true, expires at: 1776385618951
[debug] [2026-04-16T23:30:20.194Z] Checked if tokens are valid: true, expires at: 1776385618951
[debug] [2026-04-16T23:30:20.194Z] >>> [apiv2][query] GET https://cloudfunctions.googleapis.com/v2/projects/zamra-web-01/locations/asia-south1/operations/operation-1776382138824-64f9c325eb638-896f07c6-4dda4bc6 [none]
[debug] [2026-04-16T23:30:20.664Z] <<< [apiv2][status] GET https://cloudfunctions.googleapis.com/v2/projects/zamra-web-01/locations/asia-south1/operations/operation-1776382138824-64f9c325eb638-896f07c6-4dda4bc6 200
[debug] [2026-04-16T23:30:20.665Z] <<< [apiv2][body] GET https://cloudfunctions.googleapis.com/v2/projects/zamra-web-01/locations/asia-south1/operations/operation-1776382138824-64f9c325eb638-896f07c6-4dda4bc6 {"name":"projects/zamra-web-01/locations/asia-south1/operations/operation-1776382138824-64f9c325eb638-896f07c6-4dda4bc6","metadata":{"@type":"type.googleapis.com/google.cloud.functions.v2.OperationMetadata","createTime":"2026-04-16T23:28:59.744545771Z","endTime":"2026-04-16T23:30:15.948772996Z","target":"projects/zamra-web-01/locations/asia-south1/functions/syncBufferChannels","verb":"create","cancelRequested":false,"apiVersion":"v2","requestResource":{"@type":"type.googleapis.com/google.cloud.functions.v2.Function","name":"projects/zamra-web-01/locations/asia-south1/functions/syncBufferChannels","buildConfig":{"runtime":"nodejs22","entryPoint":"syncBufferChannels","source":{"storageSource":{"bucket":"gcf-v2-sources-871356823310-asia-south1","object":"syncBufferChannels/function-source.zip","generation":"1776382139075261"}},"environmentVariables":{"GOOGLE_NODE_RUN_SCRIPTS":""},"serviceAccount":"projects/zamra-web-01/serviceAccounts/871356823310-compute@developer.gserviceaccount.com","automaticUpdatePolicy":{}},"serviceConfig":{"service":"projects/zamra-web-01/locations/asia-south1/services/syncbufferchannels","timeoutSeconds":60,"environmentVariables":{"FIREBASE_CONFIG":"{\"projectId\":\"zamra-web-01\",\"storageBucket\":\"zamra-web-01.firebasestorage.app\"}","GCLOUD_PROJECT":"zamra-web-01","EVENTARC_CLOUD_EVENT_SOURCE":"projects/zamra-web-01/locations/asia-south1/services/syncBufferChannels","FUNCTION_TARGET":"syncBufferChannels","LOG_EXECUTION_ID":"true"},"ingressSettings":"ALLOW_ALL","serviceAccountEmail":"871356823310-compute@developer.gserviceaccount.com","availableMemory":"256Mi","secretEnvironmentVariables":[{"key":"BUFFER_API_KEY","projectId":"zamra-web-01","secret":"BUFFER_API_KEY","version":"1"}],"maxInstanceRequestConcurrency":80,"availableCpu":"1"},"labels":{"deployment-tool":"cli-firebase","deployment-callable":"true","firebase-functions-hash":"04ea4a0f6d75bacd0acaef406ea34f465151f85f"},"environment":"GEN_2"},"stages":[{"name":"BUILD","message":"Build finished","state":"COMPLETE","resource":"projects/871356823310/locations/asia-south1/builds/4b45f489-4e20-4a0b-b184-731816c465a1","resourceUri":"https://console.cloud.google.com/cloud-build/builds;region=asia-south1/4b45f489-4e20-4a0b-b184-731816c465a1?project=871356823310"},{"name":"SERVICE","message":"Creating Cloud Run service","state":"COMPLETE","resource":"projects/zamra-web-01/locations/asia-south1/services/syncbufferchannels","resourceUri":"https://console.cloud.google.com/run/detail/asia-south1/syncbufferchannels?project=zamra-web-01"}],"sourceToken":"Cldwcm9qZWN0cy84NzEzNTY4MjMzMTAvbG9jYXRpb25zL2FzaWEtc291dGgxL2J1aWxkcy80YjQ1ZjQ4OS00ZTIwLTRhMGItYjE4NC03MzE4MTZjNDY1YTEScmFzaWEtc291dGgxLWRvY2tlci5wa2cuZGV2L3phbXJhLXdlYi0wMS9nY2YtYXJ0aWZhY3RzL3phbXJhLS13ZWItLTAxX19hc2lhLS1zb3V0aDFfX3N5bmNfYnVmZmVyX2NoYW5uZWxzOnZlcnNpb25fMRiO7qeHrhkiSHByb2plY3RzL3phbXJhLXdlYi0wMS9sb2NhdGlvbnMvYXNpYS1zb3V0aDEvZnVuY3Rpb25zL3N5bmNCdWZmZXJDaGFubmVscyoMCP7hhc8GENja04cBMghub2RlanMyMjp2CiNnY3IuaW8vZ2FlLXJ1bnRpbWVzL25vZGVqczIyOnN0YWJsZRJPYXNpYS1zb3V0aDEtZG9ja2VyLnBrZy5kZXYvc2VydmVybGVzcy1ydW50aW1lcy9nb29nbGUtMjItZnVsbC9ydW50aW1lcy9ub2RlanMyMkAB","operationType":"CREATE_FUNCTION","buildName":"projects/871356823310/locations/asia-south1/builds/4b45f489-4e20-4a0b-b184-731816c465a1"},"done":true,"response":{"@type":"type.googleapis.com/google.cloud.functions.v2.Function","name":"projects/zamra-web-01/locations/asia-south1/functions/syncBufferChannels","buildConfig":{"build":"projects/871356823310/locations/asia-south1/builds/4b45f489-4e20-4a0b-b184-731816c465a1","runtime":"nodejs22","entryPoint":"syncBufferChannels","source":{"storageSource":{"bucket":"gcf-v2-sources-871356823310-asia-south1","object":"syncBufferChannels/function-source.zip","generation":"1776382139075261"}},"environmentVariables":{"GOOGLE_NODE_RUN_SCRIPTS":""},"dockerRepository":"projects/zamra-web-01/locations/asia-south1/repositories/gcf-artifacts","sourceProvenance":{"resolvedStorageSource":{"bucket":"gcf-v2-sources-871356823310-asia-south1","object":"syncBufferChannels/function-source.zip","generation":"1776382139075261"}},"dockerRegistry":"ARTIFACT_REGISTRY","serviceAccount":"projects/zamra-web-01/serviceAccounts/871356823310-compute@developer.gserviceaccount.com","automaticUpdatePolicy":{}},"serviceConfig":{"service":"projects/zamra-web-01/locations/asia-south1/services/syncbufferchannels","timeoutSeconds":60,"environmentVariables":{"FIREBASE_CONFIG":"{\"projectId\":\"zamra-web-01\",\"storageBucket\":\"zamra-web-01.firebasestorage.app\"}","GCLOUD_PROJECT":"zamra-web-01","EVENTARC_CLOUD_EVENT_SOURCE":"projects/zamra-web-01/locations/asia-south1/services/syncBufferChannels","FUNCTION_TARGET":"syncBufferChannels","LOG_EXECUTION_ID":"true"},"ingressSettings":"ALLOW_ALL","uri":"https://syncbufferchannels-rker2mifna-el.a.run.app","serviceAccountEmail":"871356823310-compute@developer.gserviceaccount.com","availableMemory":"256Mi","allTrafficOnLatestRevision":true,"secretEnvironmentVariables":[{"key":"BUFFER_API_KEY","projectId":"zamra-web-01","secret":"BUFFER_API_KEY","version":"1"}],"revision":"syncbufferchannels-00001-xej","maxInstanceRequestConcurrency":80,"availableCpu":"1"},"state":"ACTIVE","updateTime":"2026-04-16T23:28:59.739753815Z","labels":{"deployment-tool":"cli-firebase","deployment-callable":"true","firebase-functions-hash":"04ea4a0f6d75bacd0acaef406ea34f465151f85f"},"environment":"GEN_2","url":"https://asia-south1-zamra-web-01.cloudfunctions.net/syncBufferChannels","satisfiesPzs":true,"createTime":"2026-04-16T23:28:59.739753815Z","satisfiesPzi":true}}
[debug] [2026-04-16T23:30:20.665Z] Got source token Cldwcm9qZWN0cy84NzEzNTY4MjMzMTAvbG9jYXRpb25zL2FzaWEtc291dGgxL2J1aWxkcy80YjQ1ZjQ4OS00ZTIwLTRhMGItYjE4NC03MzE4MTZjNDY1YTEScmFzaWEtc291dGgxLWRvY2tlci5wa2cuZGV2L3phbXJhLXdlYi0wMS9nY2YtYXJ0aWZhY3RzL3phbXJhLS13ZWItLTAxX19hc2lhLS1zb3V0aDFfX3N5bmNfYnVmZmVyX2NoYW5uZWxzOnZlcnNpb25fMRiO7qeHrhkiSHByb2plY3RzL3phbXJhLXdlYi0wMS9sb2NhdGlvbnMvYXNpYS1zb3V0aDEvZnVuY3Rpb25zL3N5bmNCdWZmZXJDaGFubmVscyoMCP7hhc8GENja04cBMghub2RlanMyMjp2CiNnY3IuaW8vZ2FlLXJ1bnRpbWVzL25vZGVqczIyOnN0YWJsZRJPYXNpYS1zb3V0aDEtZG9ja2VyLnBrZy5kZXYvc2VydmVybGVzcy1ydW50aW1lcy9nb29nbGUtMjItZnVsbC9ydW50aW1lcy9ub2RlanMyMkAB for region asia-south1
[debug] [2026-04-16T23:30:20.669Z] Checked if tokens are valid: true, expires at: 1776385618951
[debug] [2026-04-16T23:30:20.669Z] Checked if tokens are valid: true, expires at: 1776385618951
[debug] [2026-04-16T23:30:20.669Z] >>> [apiv2][query] POST https://run.googleapis.com/v1/projects/zamra-web-01/locations/asia-south1/services/syncbufferchannels:setIamPolicy [none]
[debug] [2026-04-16T23:30:20.670Z] >>> [apiv2][body] POST https://run.googleapis.com/v1/projects/zamra-web-01/locations/asia-south1/services/syncbufferchannels:setIamPolicy {"policy":{"bindings":[{"role":"roles/run.invoker","members":["allUsers"]}],"etag":"","version":3},"updateMask":"bindings,etag,version"}
[debug] [2026-04-16T23:30:21.843Z] <<< [apiv2][status] POST https://run.googleapis.com/v1/projects/zamra-web-01/locations/asia-south1/services/syncbufferchannels:setIamPolicy 200
[debug] [2026-04-16T23:30:21.843Z] <<< [apiv2][body] POST https://run.googleapis.com/v1/projects/zamra-web-01/locations/asia-south1/services/syncbufferchannels:setIamPolicy {"version":1,"etag":"BwZPnDdTb2Q=","bindings":[{"role":"roles/run.invoker","members":["allUsers"]}]}
[info] ✔  functions[syncBufferChannels(asia-south1)] Successful create operation. 
[debug] [2026-04-16T23:30:27.662Z] <<< [apiv2][status] POST https://cloudfunctions.googleapis.com/v2/projects/zamra-web-01/locations/asia-south1/functions 400
[debug] [2026-04-16T23:30:27.662Z] <<< [apiv2][body] POST https://cloudfunctions.googleapis.com/v2/projects/zamra-web-01/locations/asia-south1/functions {"error":{"code":400,"message":"Validation failed for trigger projects/zamra-web-01/locations/nam5/triggers/postsocialqueuetobuffer-259980: Invalid resource state for \"\": Permission denied while using the Eventarc Service Agent. If you recently started to use Eventarc, it may take a few minutes before all necessary permissions are propagated to the Service Agent. Otherwise, verify that it has Eventarc Service Agent role.","status":"FAILED_PRECONDITION"}}
[warn] ⚠  functions: Request to https://cloudfunctions.googleapis.com/v2/projects/zamra-web-01/locations/asia-south1/functions?functionId=postSocialQueueToBuffer had HTTP Error: 400, Validation failed for trigger projects/zamra-web-01/locations/nam5/triggers/postsocialqueuetobuffer-259980: Invalid resource state for "": Permission denied while using the Eventarc Service Agent. If you recently started to use Eventarc, it may take a few minutes before all necessary permissions are propagated to the Service Agent. Otherwise, verify that it has Eventarc Service Agent role. 
[warn] ⚠  functions: Since this is your first time using 2nd gen functions, we need a little bit longer to finish setting everything up. Retry the deployment in a few minutes. 
[warn] ⚠  functions:  failed to create function projects/zamra-web-01/locations/asia-south1/functions/postSocialQueueToBuffer 
[error] Failed to create function projects/zamra-web-01/locations/asia-south1/functions/postSocialQueueToBuffer
[warn] ⚠  functions: Deploys failed. Skipping deletes. 
[debug] [2026-04-16T23:30:27.674Z] Total Function Deployment time: 89607
[debug] [2026-04-16T23:30:27.674Z] 2 Functions Deployed
[debug] [2026-04-16T23:30:27.674Z] 1 Functions Errored
[debug] [2026-04-16T23:30:27.674Z] 0 Function Deployments Aborted
[debug] [2026-04-16T23:30:27.674Z] Average Function Deployment time: 86694.5
[info] 
[info] Functions deploy had errors with the following functions:
	postSocialQueueToBuffer(asia-south1)
[debug] [2026-04-16T23:30:27.777Z] Not printing URL for HTTPS function. Typically this means it didn't match a filter or we failed deployment
[debug] [2026-04-16T23:30:27.778Z] Not printing URL for HTTPS function. Typically this means it didn't match a filter or we failed deployment
[debug] [2026-04-16T23:30:27.778Z] Not printing URL for HTTPS function. Typically this means it didn't match a filter or we failed deployment
[debug] [2026-04-16T23:30:27.779Z] Checked if tokens are valid: true, expires at: 1776385618951
[debug] [2026-04-16T23:30:27.779Z] Checked if tokens are valid: true, expires at: 1776385618951
[debug] [2026-04-16T23:30:27.779Z] >>> [apiv2][query] GET https://artifactregistry.googleapis.com/v1/projects/zamra-web-01/locations/asia-south1/repositories/gcf-artifacts [none]
[debug] [2026-04-16T23:30:28.483Z] <<< [apiv2][status] GET https://artifactregistry.googleapis.com/v1/projects/zamra-web-01/locations/asia-south1/repositories/gcf-artifacts 200
[debug] [2026-04-16T23:30:28.483Z] <<< [apiv2][body] GET https://artifactregistry.googleapis.com/v1/projects/zamra-web-01/locations/asia-south1/repositories/gcf-artifacts {"name":"projects/zamra-web-01/locations/asia-south1/repositories/gcf-artifacts","format":"DOCKER","description":"This repository is created and used by Cloud Functions for storing function docker images.","labels":{"goog-managed-by":"cloudfunctions"},"createTime":"2026-03-16T06:42:36.497620Z","updateTime":"2026-04-16T23:30:01.749916Z","mode":"STANDARD_REPOSITORY","cleanupPolicies":{"firebase-functions-cleanup":{"id":"firebase-functions-cleanup","action":"DELETE","condition":{"tagState":"ANY","olderThan":"86400s"}}},"sizeBytes":"98901465","satisfiesPzs":true,"vulnerabilityScanningConfig":{"lastEnableTime":"2026-03-16T06:42:20.238041301Z","enablementState":"SCANNING_DISABLED","enablementStateReason":"API containerscanning.googleapis.com is not enabled."},"satisfiesPzi":true,"registryUri":"asia-south1-docker.pkg.dev/zamra-web-01/gcf-artifacts"}
[debug] [2026-04-16T23:30:28.483Z] Functions deploy failed.
[debug] [2026-04-16T23:30:28.484Z] {
  "endpoint": {
    "id": "postSocialQueueToBuffer",
    "project": "zamra-web-01",
    "region": "asia-south1",
    "entryPoint": "postSocialQueueToBuffer",
    "platform": "gcfv2",
    "runtime": "nodejs22",
    "eventTrigger": {
      "eventType": "google.cloud.firestore.document.v1.created",
      "retry": false,
      "eventFilters": {
        "database": "(default)",
        "namespace": "(default)"
      },
      "eventFilterPathPatterns": {
        "document": "social_queue/{queueId}"
      },
      "region": "nam5"
    },
    "labels": {
      "deployment-tool": "cli-firebase"
    },
    "secretEnvironmentVariables": [
      {
        "key": "BUFFER_API_KEY",
        "secret": "BUFFER_API_KEY",
        "projectId": "zamra-web-01",
        "version": "1"
      }
    ],
    "serviceAccount": null,
    "ingressSettings": null,
    "availableMemoryMb": null,
    "timeoutSeconds": null,
    "maxInstances": null,
    "minInstances": null,
    "concurrency": 80,
    "vpc": null,
    "environmentVariables": {
      "FIREBASE_CONFIG": "{\"projectId\":\"zamra-web-01\",\"storageBucket\":\"zamra-web-01.firebasestorage.app\"}",
      "GCLOUD_PROJECT": "zamra-web-01",
      "EVENTARC_CLOUD_EVENT_SOURCE": "projects/zamra-web-01/locations/asia-south1/services/postSocialQueueToBuffer"
    },
    "codebase": "default",
    "cpu": 1,
    "targetedByOnly": true,
    "hash": "04ea4a0f6d75bacd0acaef406ea34f465151f85f"
  },
  "op": "create",
  "original": {
    "name": "FirebaseError",
    "children": [],
    "context": {
      "function": "projects/zamra-web-01/locations/asia-south1/functions/postSocialQueueToBuffer"
    },
    "exit": 1,
    "message": "Failed to create function projects/zamra-web-01/locations/asia-south1/functions/postSocialQueueToBuffer",
    "original": {
      "name": "FirebaseError",
      "children": [],
      "context": {
        "body": {
          "error": {
            "code": 400,
            "message": "Validation failed for trigger projects/zamra-web-01/locations/nam5/triggers/postsocialqueuetobuffer-259980: Invalid resource state for \"\": Permission denied while using the Eventarc Service Agent. If you recently started to use Eventarc, it may take a few minutes before all necessary permissions are propagated to the Service Agent. Otherwise, verify that it has Eventarc Service Agent role.",
            "status": "FAILED_PRECONDITION"
          }
        },
        "response": {
          "statusCode": 400
        }
      },
      "exit": 1,
      "message": "Request to https://cloudfunctions.googleapis.com/v2/projects/zamra-web-01/locations/asia-south1/functions?functionId=postSocialQueueToBuffer had HTTP Error: 400, Validation failed for trigger projects/zamra-web-01/locations/nam5/triggers/postsocialqueuetobuffer-259980: Invalid resource state for \"\": Permission denied while using the Eventarc Service Agent. If you recently started to use Eventarc, it may take a few minutes before all necessary permissions are propagated to the Service Agent. Otherwise, verify that it has Eventarc Service Agent role.",
      "status": 400
    },
    "status": 400,
    "code": 400
  }
}
[debug] [2026-04-16T23:30:28.523Z] Error: Failed to create function postSocialQueueToBuffer in region asia-south1
    at /usr/local/lib/node_modules/firebase-tools/lib/deploy/functions/release/fabricator.js:332:27
    at process.processTicksAndRejections (node:internal/process/task_queues:103:5)
    at async Fabricator.createV2Function (/usr/local/lib/node_modules/firebase-tools/lib/deploy/functions/release/fabricator.js:311:30)
    at async Fabricator.createEndpoint (/usr/local/lib/node_modules/firebase-tools/lib/deploy/functions/release/fabricator.js:153:13)
    at async Fabricator.wrapOperation (/usr/local/lib/node_modules/firebase-tools/lib/deploy/functions/release/fabricator.js:138:13)
    at async Promise.all (index 1)
    at async Promise.allSettled (index 0)
    at async Fabricator.applyPlan (/usr/local/lib/node_modules/firebase-tools/lib/deploy/functions/release/fabricator.js:77:45)
    at async release (/usr/local/lib/node_modules/firebase-tools/lib/deploy/functions/release/index.js:87:21)
    at async chain (/usr/local/lib/node_modules/firebase-tools/lib/deploy/index.js:45:9)
[error] 
[error] Error: There was an error deploying functions
